rɐr	uncle (fathers older brother)	aw	paternal uncle (elder)
kuj	cold	ke	cold
ruk	six	ruk	six
kʰaj	fish	kʰu	crab
tʰi	bile	tʰɐ	bile
pew	be blind	pi	blind
ta	fall (from a height)	ða	fall (from a height)
pʰa	search	pʰu	seek/search
kum	year	kum	year
luŋ	stone	luŋ	stone
rɐr	uncle (fathers older brother)	ðar	aunt (mother's younger sister)
tsa	ill	ðu	be sick/be ill/hurt
caw	deer	co	deer
pʰew	wash (hands)	pʰi	wash
pʰaŋ	branch	pʰo	branch
ko	nine	kɐ	nine
tok	brain	ʃe	brain
ʃok	emerge, exit, occur, happen; do in exiting/emerging path (postp.)	ʃe	emerge
co	saliva (-co 'spit' + -ru 'water')	cir	spit (v.)
ʃim	sweet	ʃim	sweet
rap	rib	rop	rib
ʃat	thorn	se	thorn
suj	tempt	si	tempt
rit	heavy	rɐt	heavy
ri	intestines	rɐ	intestines/bowels
wo	father-in-law	vu	father-in-law
wuk	belly	wuk	stomach
ta	fall from height	ða	fall
fu	dog	hwi	dog
ci	salt	tsɐ	salt
to	brother (younger than male ego)	te	uncle (fathers younger brother)
la	ashes	lu	ash/cinder
wo	grandfather, uncle	vu	great grandfather
tʰen	dry	tʰeŋ	dry
kʰum	back	kʰum	back
pʰej	foot	pʰi	leg
wo	grandfather	hivu	uncle (fathers sisters husband)
kʰa	bitter	kʰu	bitter
hut	leech	pi	leech (water)
tʰi	die	sɐ	die/be dead
luj	water buffalo	li	buffalo
ʃa	hundred	ʃu	hundred
ʃim	mortar	ʃim	mortar
kʰa	chin	kʰu	chin
ri	medicine	rɐ	medicine
wo	grandfather, uncle	vu	paternal grandfather
kʰam	door	kʰam	door
kʰur	anus	kʰur	anus
ru	egg (hàr 'chicken' + -ru 'water')	ði	egg (of animal)
paj	can/be easy	pwe	easy
rok	larynx	rɐk	throat
nɐk	be fine	nak	fine
pʰar	lung	pʰor	lung
cap	weep	tɕap	weep
caj	lip	ce	lip
mej	tail	mi	tail (of animal)
tsar	male's younger sister	ðar	oldest sister
pim	needle	pim	needle
co	spit	cir	saliva
tok	brain	ʃe	brain
sɐm	hair (head)	sam	hair (head)
cɐp	weep for someone	tɕap	weep
kuj	pestle	kwe	pestle
ri	intestines (ak´ri)	rɐ	intestines
ri	intestines (ak´ri)	rɐ	intestines/bowels
niŋ	spin	naŋ	spin
naj	near	nwe	near
kap	shoot	kop	shoot
wo	grandfather, uncle	vu	father-in-law
kuu	insect	kʰɐ	insect
sun	join	sun	joint
kʰut	smoke	kʰut	smoke
kap	shoot	kop	shoot (v.)
va	father	vu	uncle (mothers brother)
tʰi	die	sɐ	die
la	bow, arrow	lu	arrow
ʃok	come out	ʃe	produce/emerge
tʰak	fast, quick, come before time	tʰok	fast/quick
pʰej	foot	pʰi	calf (of leg)
kʰuj	bee	kʰi	bee
riŋ	be alive	rɐŋ	alive
cap	weep, cry	cap	cry/weep (v.)
ru	grandchild	ðɐ	grandchild
kʰot	scratch/scrape	kʰɐ	scratch/scrape
cuj	burn, ignite	tɕe	burn
lek	lick	lek	lick (v.)
pʰej	foot, leg	pʰi	leg
wo	father-in-law	hivu	uncle (fathers sisters husband)
rɐr	uncle (fathers older brother)	ðar	uncle (fathers older brother)
ru	snake		snake
rik	armpit	lɐk	armpit
mɐŋ	dream	ma	dream
ra	come	a	come
ruŋ	pound	ðɐŋ	pound/crush
wo	uncle (mothers brother)	hivu	uncle (fathers sisters husband)
rik	burn (firewood)	kʰə	burn/be on fire (v.i.)
sa	animal, meat	su	body
wo	great grandfather	hi	uncle (mothers brother)
cuj	burn, ignite	tɕe	burn down
riŋ	be alive	rɐŋ	alive/be living
tʰen	dry	tʰeŋ	be dry
kʰa	be bitter	kʰu	bitter
hɐr	fowl	har	chicken/fowl (general term)
wo	grandfather, uncle	vu	grandfather
ko	nine	kɐ	nine
wan	flower	vɐn	flower
ŋa	five	ŋɐ	five
tsa	eat	ðu	eat (rice)
niŋ	stand	nɐŋ	stand
ʃuj	decay	ʃi	decay
la	daughter	lu	daughter
cuj	dig	ce	dig
tsɐr	sister (younger than male ego)	ðar	oldest sister
tʰej	fruit	tʰi	fruit (general)
sa	do/make	su	do
tɐk	grind, crush	tɐk	pound/crush
muk	cattle	muk	cattle
rɐk	make a basket; to weave	ðak	weave
ra	ten	ru	ten
ta	be far off	tu	far
ru	egg	ði	egg
ʃu	dove	ʃu	dove
ci	horn	tsɐ	horn
ci	fear/frighten	tsɐ	fear/frighten
rak	weave	ðak	weave
naj	knead	nwe	twist/knead
kʰɐk	breath	kʰak	breath
tuj	word/speech	te	words/speech
ʃok	emerge	ʃe	emerge
ʃɐŋ	clan	ʃa	clan
kor	bark	kɐ	bark (of tree)
kwi	horse	kwe	horse
ri	medicine	ʔa	medicine
ri	intestines	rɐ	intestines
tʰuk	deep	tʰuk	deep
nɐp	snot	nap	Flick the snot (from your nose)ǃ
tʰaw	drive	tʰo	drive
pʰa	seek/search	pʰu	seek/search
sar	old	sor	old
wo	great grandfather	vu	great grandfather
wo	great grandfather	hivu	uncle (fathers sisters husband)
kej	bite	ki	bite
tʰa	be like, resemble; cf. na ká thàà talè 'how are you?'	tʰa	resemble/be like
mej	comparative degree	mi	more than (comparative degree)
cor	spit	cir	saliva
naw	child	no	child
ta	fall from height	ða	fall (from a height)
kʰej	crooked/bent	kʰi	crooked
caŋ	moon	tsɐ	moon
tsɐr	sister (younger than male ego)	ðar	sister (younger than male ego)
kap	shoot one another	kop	shoot (v.)
pɐm	sit	pam	sit
nɐm	smell	nam	smell
tsɐŋ	enter	ða	enter
cɐp	weep, cry	tɕap	weep
ʃaj	eat (fruit)	we	eat (fruit)
kɐj	bite	ki	chew (v.)
vak	rightside	wa	rightside
rɐm	land	ram	village
wo	uncle (mothers brother)	vu	paternal grandfather
rɐr	uncle (fathers older brother)	ðar	uncle (mothers older sisters husband)
ʃa	thick	ʃu	thick
paj	defecate	pwe	defecate (v.)
ruk	six	ruk	six
va	go	wu	go
riŋ	alive	rɐŋ	alive/be living
var	mushroom	hor	mushroom
ʃaj	eat fruit	ʃwe	eat (general; v.)
wuk	belly	wuk	belly
hur	fan	hur	fan onself
hut	leech	pi	leech (land)
ʃaj	eat (fruit)	ʃwe	eat (general; v.)
nɐp	stick (v.)	nap	stick (v.)
luj	field	le	field
hut	leech	pi	leech
juŋ	root	lɐŋ	root
raj	wait for someone	rɐ	wait
ru	egg	ði	egg (of animal)
wuk	belly (exterior)	wuk	belly
ni	aunt, mother-in-lw	nɐ	mother-in-law
lum	warm	lum	warm
ha	axe	fu	axe
kʰaj	crab	kʰu	crab
wo	father-in-law	vu	great grandfather
tʰuj	awaken, wake up, leave, sprout (plant)	tʰe	awaken
tsɐr	sister (younger than male ego)	ðar	oldest sister
co	saliva (-co 'spit' + -ru 'water')	cir	saliva
lej	earth	li	earth
tʰak	kick	tʰak	kick
tsa	eat (e.g. rice)	ðu	eat (rice; v.)
rɐr	uncle (fathers older brother)	ðar	older maternal aunt's husband
va	bird	u	bird
lej	tongue	li	tongue
li	steal	lɐ	steal
nu	laugh	ni	laugh
ʃur	follow	ʃur	follow
ʃaj	eat	ʃwe	eat (general; v.)
pʰuŋ	mountain	pʰuŋ	mountain
ʃok	emerge, exit, occur, happen; do in exiting/emerging path (postp.)	ʃe	produce/emerge
mi	give	mɐ	give
cuj	tall	ce	tall
mi	person	mɐ	person
nu	breast	nɐ	breast
tʰeŋ	dry	tʰeŋ	dry
ci	fear (& frighten?), be afraid	tsɐ	fear/frighten
nu	laugh	kʰə	laugh
si	water buffalo, mathun	si	buffalo
veŋ	lightweight	veŋ	light (weight)
ni	two	nɐ	two
tʰen	cause to dry	tʰeŋ	be dry
ʃat	eight	ʃit	eight
nɐm	deceive	nam	deceive
wo	uncle (mothers brother)	vu	father-in-law
riŋ	alive	rɐŋ	alive
sam	hair (on head)	sam	hair (head)
kʰaj	fish	kʰwe	fish
paj	fly, jump	pwe	fly
ci	horn	ʔa	antler (of deer)
tsa	eat (e.g. rice)	ðu	eat (rice)
nim	damp/gentle	nim	damp
nɐ	thou	nɐŋ	thou
mor	mouth	mor	mouth
vu	mother	we	molar
sa	body	su	body
ruj	toast	re	roast
cuj	burn	tɕe	burn
wo	grandfather, uncle	hi	uncle (mothers brother)
kap	shoot one another	kop	shoot
paŋ	arm	pon	hand
ca	ant	ðej	ant
ca	ant 	ðej	ant
ci	horn	ʔa	antler (of deer)
tsa	eat (rice)	ðu	eat (rice; v.)
tʰak	kick	tʰak	kick
wo	grandfather, uncle	hivu	uncle (fathers sisters husband)
rik	louse	rɐk	louse
tʰik	chest	tʰɐk	lung/chest
mɐŋ	drink	ma	drink (v.)
tʰin	liver	tʰɐn	liver
kʰa	cough	kʰu	cough
ʃaj	eat	we	eat (fruit)
ŋaj	want, desire (post-posed to main verb)	mwe	want/desire
kuj	head	ke	head
tʰɐr	new	tʰar	new
tʰuj	awaken	tʰe	awaken
hɐm	pot	ham	pot
ni	seven	nɐ	seven
tʰi	die for something	sɐ	die
ha	tooth	fu	tooth
pʰej	foot	pʰi	foot
lej	squirrel	li	squirrel
hok	pig	fak	pig
kɐj	bite	ki	bite
kuj	horse	kwe	horse
ru	bone	rɐ	bone
saŋ	long	so	long
tsiŋ	sky/rain	ðɐŋ	sky
sa	animal, meat	su	flesh/meat
cɐp	weep for someone	cap	cry/weep (v.)
tʰej	know/see	tʰi	see/know
wo	uncle (mothers brother)	vu	grandfather
rɐr	uncle (fathers older brother)	ðar	wife of older paternal uncle
rɐr	uncle (fathers older brother)	ðar	paternal aunt (elder)
kʰuk	knee	kʰuk	knee
mik	eye	mɐk	eye
va	bird	wu	bird (general)
kuu	insect	kʰɐ	insect/bug/vermin
ʃok	scoop out	sɐ	scoop out
ku	insect/bug/vermin	kʰɐ	insect
ŋun	corpse	ŋun	corpse/dead body
kej	kidney	ki	kidney
wuk	belly (exterior)	wuk	stomach
ci	horn	tsɐ	horn (of animal)
sam	hair (on head)	sam	hair of head
laj	forget	lwe	forget
ja	palm (of hand)	ju	palm
sa	hot/spicy/pungent	kʰə	be sick/be ill/hurt
rɐr	uncle (fathers older brother)	ðar	paternal uncle (elder)
tsɐr	sister (younger than male ego)	ðar	sister (oldest)
tʰɐk	kick	tʰak	kick
puj	full	pi	finish/be complete
rew	crab	ri	crab
rit	heavy	kʰə	heavy
cap	weep, cry	tɕap	weep
ho	call	hɐ	call
wo	great grandfather	vu	father-in-law
tsat	rice (cooked)	ðot	rice (cooked)
tʰɐr	clean	tʰar	clean
kʰur	anus	kʰur	anus/rectum
ku	twenty	kwi	twenty
tsa	eat	ðu	eat (rice; v.)
sɐm	run/flee	sam	run/flee
paŋ	hand	pon	hand
maj	face	mwe	face
kʰot	scratch	kʰɐ	scratch/scrape
ru	grandchild	ðɐ	grandchild
tsa	eat (rice)	ðu	eat (rice)
ʃuk	borrow	ʃuk	borrow
vuk	belly	wuk	belly
tʰuj	wake up from sleeping	tʰe	awaken
tʰum	hide	tʰum	hide
tʰu	exchange	tʰi	exchange
tek	green	tek	green
paŋ	arm	pon	arm
niŋ	think	nɐŋ	think
wo	father-in-law	vu	grandfather
tʰiŋ	tree/wood/stick	tʰɐŋ	bark (of tree)
reŋ	hunt animals	reŋ	hunt
tʰi	die for something	sɐ	die/be dead
si	blood	sɐ	blood
vak	leftside	ji	leftside
riŋ	alive; + phaa 'be happy'	rɐŋ	alive
cuj	burn	tɕe	burn down
tʰeŋ	dry	tʰeŋ	be dry
jɐp	hit with a stick	jap	hit/strike
ca	necklace	cu	necklace
vu	mother	we	mother
luŋ	heart	luŋ	heart
wo	great grandfather	vu	grandfather
kor	bark	kɐ	bark
wo	grandfather	vu	father-in-law
su	tie	si	tie
vak	leftside	ju	left hand
riŋ	alive; + phaa 'be happy'	rɐŋ	alive/be living
won	flower	vɐn	flower
ha	bamboo	fu	bamboo
pʰa	snake (ph´$	pʰwi	snake
huj	wither/fade	hi	wither
vu	carry on shoulders	hɐ	carry on shoulders
ri	son-in-law	rɐ	son-in-law
kɐj	bite	ki	bite (v.)
tʰen	cause to dry	tʰeŋ	dry
kej	bite	ki	chew (v.)
jor	sell	wor	sell
ŋom	bear	him	bear
kʰur	anus	kʰur	cave/hole (in rock)
kʰa	chin	kʰu	jaw (general)
tsar	male's younger sister	ðar	sister (oldest)
wo	uncle (mothers brother)	vu	great grandfather
cuj	burn, ignite	ce	burn off fields/slash and burn
ti	four	tsɐ	four
va	father	aw	father
luŋ	stone	luŋ	stone
nu	breast	nɐ	breast
kup	finish	kup	finish
ci	horn	tsɐ	horn
va	father	aw	father
kʰaj	knife	kʰwe	knife
ta	fall (from a height)	ða	fall
kʰuk	knee	kʰi	crooked
lej	exist, have, be	li	exist/be
fu	elephant	fu	elephant
jɐk	ashamed	jak	ashamed
tsɐr	sister (younger than male ego)	ðar	sister (younger than male ego)
ru	egg (hàr 'chicken' + -ru 'water')	ði	egg
pʰɐn	blow	pʰɐn	blow (mouth)
na	hear	nɐ	hear (v.)
met	squeeze	mɐt	squeeze
jɐŋ	look	ja	look at
mej	brother (older than ego)	mi	brother-in-law of female (older)
ʃɐp	be skilled at, be adept at, well versed in; be enough?	ʃap	able
tsej	spear	ði	spear
na	ear	nɐ	ear
rɐr	uncle (fathers older brother)	ðar	aunt (father's older sister)
ʔa	he/she	ʔu	he/she
sa	body	su	flesh/meat
tsar	male's younger sister	ðar	sister (younger than male ego)
hɐn	curry	hɐn	curry
fu	dog	hwi	dog (Canis familiaris)
tsa	be sick	kʰə	be sick/be ill/hurt
pʰej	foot	pʰi	calf
ni	aunt (fathers sister)	nɐ	mother-in-law
wo	father-in-law	vu	paternal grandfather
wo	grandfather	vu	great grandfather
rɐr	uncle (fathers older brother)	ðar	aunt (father's older brothers wife)
co	spit	cir	spit (v.)
mej	fire	mi	fire
ʃut	rub	ʃut	brush (teeth)
ku	insect/bug/vermin	kʰɐ	insect/bug/vermin
tsik	black	ðɐk	black
tii	four	tsɐ	four
ʃu	dove	ʃu	dove/pigeon (general term)
tɐŋ	pine	ta	pine
cuŋ	many, a lot of	cuŋ	(be) many
ka	climb, ascend, up; do in upward path (postp.)	ku	climb/ascend
ŋom	bear	him	Tibetan/Himalayan bear (Selenarctos thibetanus)
wo	great grandfather	vu	paternal grandfather
pʰen	belly	pʰɐn	belly/abdomen (external bulge)