tek	green	keʔ	green
sa	body	se	flesh; meat
tʰi	die for something	tik	die; be dead
ri	blow	kə	blow
ci	fear/frighten	tsik	afraid
wuk	belly (exterior)	wuʔ	belly; abdomen
veŋ	lightweight	vi	light (weight)
ma	rice (in fields/unhulled)	mi	rice field/swidden/upland field
tʰaw	drive	tʰow	drive
huj	animal skin	hɐŋ	skin
ha	axe	we	axe
riŋ	alive; + phaa 'be happy'	rɐŋ	alive; be living
ka	climb, ascend, up; do in upward path (postp.)	ke	climb/ascend
sam	hair (on head)	sam	hair of head
lej	earth	lu	earth/ground/dry land (vs. water)
naj	near	nej	near
kor	bark	ku	bark (of tree)
ʃuj	decay	su	decay
ŋun	corpse	ŋun	corpse
ci	horn	tsik	horn; antler
ʃɐŋ	clothes	sɐŋ	clothes
ra	ten	re	ten
min	ripe/well-cooked	mɐŋ	ripe/well-cooked
ka	open (mouth)	ke	open the mouth
muk	cattle	muʔ	cattle/cow
ʃɐŋ	penis	so	penis
tek	break	leʔ	break
tsa	eat (rice)	tse	eat
lum	warm	lɐm	warm
ha	tooth	we	tooth
sa	animal, meat	ʃe	body
ok	rat	juʔ	rat
kuu	insect	kʰu	insect
ri	medicine	rik	medicine/juice
pʰa	snake (ph´$	rɐŋ	snake
riŋ	be alive	rɐŋ	alive
rɐm	otter	ram	otter
kʰaj	fish	kʰej	fish
caŋ	want, like	tsa	like/desire/want
paj	can/be easy	pej	easy
jam	run away	jam	run/flee
si	blood	sik	bleed (v.)
tʰɐr	clean	tʰo	clean
co	spit	tsu	spit (v.)
wo	great grandfather	vuk	grandfather/father-in-law
ca	ant 	tse	ant
lek	lick	leʔ	lick
mej	fire	mu	fire
ru	grandchild	ruk	grandchild
ri	intestines	rɐŋ	large intestine
ʃok	scoop out	kʰej	scoop out/dish out
luŋ	stone	luŋ	stone
ri	intestines (ak´ri)	rɐŋ	large intestine
ru	chop off; dig with a spade	ruk	chop
wuk	belly	wuʔ	belly (exterior)
sa	animal, meat	se	flesh; meat
ku	twenty	kɐn	twenty
ʃuŋ	correct	suŋ	correct
sɯ	tie	suk	tie
va	bird	we	bird
ru	egg	ruk	egg
kʰaj	crab	kʰej	crab
ri	intestines	rɐŋ	guts/intestine
ru	egg (hàr 'chicken' + -ru 'water')	ruk	egg (of animal)
cor	spit	tsɐr	spit
tʰik	chest	tʰoʔ	chest
kʰam	door	kʰɐm	door
ru	snake	rɐŋ	snake
ra	come	re	come
ʃɐp	be skilled at, be adept at, well versed in; be enough?	saʔ	able
caw	deer	tsow	deer (generic)
rak	weave	roʔ	weave
tsa	be sick	tsow	hot
pʰej	foot	ʔa	calf
sɐm	hair (head)	sam	hair (head)
tʰen	dry	tʰe	dry
kʰut	smoke	kʰuʔ	smoke
kwi	horse	kɐŋ	horse
tsa	eat (e.g. rice)	tse	eat
nu	laugh	nuk	smile; laugh
mej	comparative degree	mu	more than (comparative degree)
kaj	break	kej	break
kʰaj	fish	kʰej	fish (general)
tsu	touch	tsuk	touch
ʃoŋ	road	sɐŋ	road/path
tsa	eat	tse	eat
kʰɐk	breath	kʰoʔ	breath
ci	fear (& frighten?), be afraid	tsik	afraid
tʰej	fruit	tʰu	fruit
tsɐn	sharp	tsej	sharp
hɐr	fowl	ho	chicken/fowl (general term)
luŋ	heart	luŋ	heart
kʰaw	grasshopper	kow	grasshopper
tsik	black	tsoʔ	black
fu	dog	huk	dog
luŋ	stone	luŋ	stone
cuj	tall	tsow	tall
ku	twenty	kɐn	twenty/score
rɐk	make a basket; to weave	roʔ	weave
ʃok	emerge, exit, occur, happen; do in exiting/emerging path (postp.)	suʔ	emerge
ŋom	bear	hɐm	Tibetan/Himalayan bear (Selenarctos thibetanus)
sɐm	hair (head)	sam	hair (general)
sun	join	sɐŋ	joint
cap	weep, cry	tsaʔ	weep
pʰej	foot	pʰu	foot; leg
ci	horn	tsik	horn
kuu	insect	kʰu	insect/bug/vermin
sa	hot/spicy/pungent	tsow	hot
kuj	horse	kɐŋ	horse
kʰoŋ	neck	kʰu	neck
ci	fear (& frighten?), be afraid	tsik	fear
wo	uncle (mothers brother)	vuk	maternal grandfather
muk	cattle	muʔ	cow
sa	body	ʃe	body
tii	four	kik	four
mik	eye	moʔ	eye
rit	heavy	rejʔ	heavy
lej	tongue	lu	tongue
naw	child	now	child
kʰop	sew, stitch	kʰɐp	sew
ni	two	nik	two
caj	lip	tse	lower lip
tsej	spear	tsu	spear
juŋ	root	juŋ	root
nɯ	laugh	nuk	smile; laugh
ti	four	kik	four
tsɐŋ	enter	tso	enter
mot	plantain, banana	moʔ	banana
wo	grandfather, uncle	vuk	grandfather/father-in-law
ha	bamboo	we	bamboo
vak	leftside	vue	left hand
jor	sell	ju	sell
wok	burst off (bottle)	wuʔ	burst
tok	brain	luʔ	brain
reŋ	hunt animals	re	hunt
nɐm	be low	nem	low
sa	body	se	animal
haw	start	haw	start
rɐk	weave	roʔ	weave
paj	fly, jump	pej	fly
hɐn	expect	hej	expect
ʃok	emerge	suʔ	exit
ru	bone	ruk	bone
ca	necklace	ce	necklace
reŋ	finger	re	finger
hok	pig	huʔ	pig
hɐk	big	hoʔ	big
na	nose	ni	nose
kʰa	chin	kʰe	jawbone
kap	shoot one another	kaʔ	shoot
ʃok	emerge, exit, occur, happen; do in exiting/emerging path (postp.)	suʔ	produce/emerge
miŋ	name	mɐŋ	name
ni	aunt (fathers sister)	nik	mother-in-law
pʰej	foot	ʔa	calf (of leg)
ʃok	emerge	suʔ	produce/emerge
tʰi	die	tik	carcass
ʃu	dove	tsuk	dove/pigeon (general term)
kum	year	kɐm	year
ni	seven	nik	seven
wuk	belly	wuʔ	belly
ra	sharpen	re	sharpen
mi	give	me	give
lej	squirrel	lu	squirrel
fu	elephant	huk	elephant
kej	kidney	kej	kidney
paŋ	hand/arm	vej	hand; arm
nɐp	stick (v.)	naʔ	stick (v.)
kor	bark	ku	bark
vaw	shout	vow	shout
wo	father-in-law	vuk	maternal grandfather
tsa	eat	tse	eat
paj	be shallow	pej	shallow
ʃa	hear	tse	hear
tok	brain	lu	brain
ha	axe	rwe	axe
saŋ	long	si	long
pʰaŋ	branch	pʰi	branch/bough
ŋom	bear	hɐm	bear
tʰum	three	tʰɐm	three
tʰak	kick	kaʔ	kick
ŋum	round	vɐm	round
kʰaj	crab	kʰej	fish
tʰɐt	kill	tʰejʔ	kill
fu	elephant	huk	elephant
ri	iron	ri	iron
vu	carry on shoulders	vuk	carry (on shoulders)
ja	night	je	night
ʃat	thorn	ʃe	thorn
fu	dog	huk	dog (Canis familiaris)
pʰej	foot, leg	pʰu	foot; leg
ru	grandchild	ruk	grandchild
vak	leftside	vue	leftside
sar	old	sa	old
jɐk	ashamed	joʔ	ashamed
cɐp	weep, cry	tsaʔ	weep
kʰok	be deaf	kʰɐ	deaf
kʰaj	scoop out	kʰej	scoop out/dish out
pʰa	search	pʰe	seek/search
kʰum	back	ʔa	back
ta	descend	ke	descend/come down
tʰuj	rise up, wake up	tʰow	awaken
mɐŋ	dream	mo	dream
ni	aunt, mother-in-lw	nik	mother-in-law
mor	mouth	mu	mouth
wo	grandfather	vuk	father-in-law
sɐm	hair (head)	sam	hair of head
ha	axe	r	axe
ra	be born	re	be born
rak	weave	roʔ	weave
maj	face	mej	face
muj	cloud	mu	cloud
tsiŋ	sky/rain	tsɐŋ	sky
cɐp	weep for someone	tsaʔ	weep
tʰeŋ	dry	tʰe	dry
wuk	belly (exterior)	wuʔ	belly
tʰuj	wake up from sleeping	tʰow	awaken
nuj	fry	now	fry
jon	be wrong	jɐŋ	wrong
tʰej	know/see	tʰu	see/know
nɯ	laugh	nuk	laugh
kʰa	cough	kʰe	cough
nu	laugh	nuk	smile; laugh
joŋ	monkey	ju	monkey
ri	son-in-law	re	son-in-law
nɯ	laugh	nuk	smile; laugh
sa	do/make	se	do
tʰaw	oil	tʰow	fat
paj	fly	pej	fly
kap	shoot	kaʔ	shoot (v.)
ʃa	thick	se	thick
kap	shoot one another	kaʔ	shoot (v.)
tsa	eat (e.g. rice)	tse	eat
tsa	be sick	tse	be sick/be ill/hurt
tʰin	liver	tʰɐn	liver
riŋ	alive	rɐŋ	alive; be living
nu	breast	nuk	breast
pʰə	snake	rɐŋ	snake
sam	hair (on head)	sam	hair (head)
na	ear	ni	ear
rɐk	make a basket; to weave	roʔ	weave
ri	blow	lik	blow (mouth)
vat	angry	vejʔ	angry (hear is bursting)
ʃa	hundred	se	hundred
pʰa	seek/search	pʰe	seek/search
ruk	six	ruʔ	six
ʃi	blood	sik	bleed (v.)
nu	breast	nuk	breast
mej	tail	mu	tail
rɐk	weave	roʔ	weave
ta	be far off	ke	far
ru	grandchild	ruk	grandchild (nephew)
wo	grandfather	vuk	maternal grandfather
lɐp	tie	reʔ	tie
rɐm	land	ram	village
kap	shoot	kaʔ	shoot
nɐp	snot	naʔ	snot; mucous
ci	fear/frighten	tsik	fear
rɐk	make a basket; to weave	roʔ	weaver
cik	wash hands	tsoʔ	wash
kʰuk	knee	kʰuʔ	knee
ʃok	come out	suʔ	produce/emerge
nu	laugh	nuk	laugh
ʃat	eight	tsejʔ	eight
tsa	ill	tse	be sick/be ill/hurt
nɐm	smell	nam	smell
ʃok	emerge, exit, occur, happen; do in exiting/emerging path (postp.)	suʔ	exit
rɐk	weave	roʔ	weaver
wo	great grandfather	vuk	father-in-law
tʰi	die	tik	be numb/ be paralyzed
ʃut	rub	sejʔ	rub
ri	intestines (ak´ri)	ri	small intestine
na	leaf	ni	leaf
kʰə	burn the feathers of a fowl	kʰə	burn
tok	brain	luʔ	brain
pet	soft	vejʔ	soft (to touch)
nir	wrinkle	nu	wrinkle
luj	fall	lo	fall
kʰaj	fish	kʰej	crab
tʰi	die	tik	die; be dead
ʃok	come out	suʔ	exit
sa	animal, meat	se	animal
kʰa	bitter	kʰe	bitter
ru	water	ruk	water
tʰiŋ	tree/wood/stick	tʰɐŋ	tree
kʰa	be bitter	kʰe	bitter
naj	pus	nej	pus
tʰɐk	kick	kaʔ	kick
kʰaj	knife	kʰu	knife
si	comb	sik	comb
ni	mother-in-law	nik	mother-in-law
ko	nine	ku	nine
taj	pound/crush	kʰej	pound/crush
kup	finish	kɐp	finish
kʰow	dirty	kʰow	dirty
var	mushroom	va	mushroom
suj	tempt	su	tempt
met	squeeze	mejʔ	extinguish/put out fire
ruj	toast	row	roast
ri	intestines	ri	small intestine
tok	brain	lu	brain
lo	buy	lu	buy
ma	wound	mi	scar
ŋa	five	ni	five
tʰi	die for something	tik	be numb/ be paralyzed
ʃat	thorn	ʃe	thorn (prick)
nɐ	thou	no	2sg
ci	salt	tsik	salt
kuj	head	kow	head
ru	grandchild	ruk	grandchild (nephew)
kan	cross	kej	cross
ca	ant	tse	ant
su	tie	suk	tie
co	spit	tsam	saliva
pim	needle	pem	needle
wo	uncle (mothers brother)	vuk	grandfather/father-in-law
co	saliva (-co 'spit' + -ru 'water')	tsu	spit (v.)
vuk	belly	wuʔ	belly
wo	uncle (mothers brother)	vuk	father-in-law
kʰuk	knee	kʰu	crooked
ri	intestines (ak´ri)	rɐŋ	guts/intestine
co	saliva (-co 'spit' + -ru 'water')	tsam	saliva
tʰɐr	new	tʰo	new
rak	weave	roʔ	weaver
ku	insect/bug/vermin	kʰu	insect/bug/vermin
ʃim	mortar	suŋ	mortar
sɐk	be difficult	soʔ	difficult/cold
ʃo	open (door)	su	open
ha	hair (on body)	se	body hair
wan	flower	vɐŋ	flower
la	song	le	sing
su	wash (clothes)	suk	wash
ru	egg	ruk	egg (of animal)
ri	intestines	rɐŋ	guts; intestine; viscera
riŋ	alive	rɐŋ	alive
kʰej	crooked/bent	kʰu	crooked
ri	intestines (ak´ri)	rɐŋ	guts; intestine; viscera