luj	fall
ʃu	dove
nu	breast
kʰa	chin
ŋum	round
tok	brain
ta	descend
ru	grandchild
wo	grandfather, uncle
tsik	black
kʰam	door
ʃok	emerge
wuk	belly (exterior)
nu	laugh
paj	fly
tʰin	liver
ʃat	eight
wo	uncle (mothers brother)
kʰaj	knife
sun	join
riŋ	alive; + phaa 'be happy'
nɐp	stick (v.)
wo	great grandfather
na	leaf
mor	mouth
ru	bone
na	ear
ci	horn
riŋ	alive; + phaa 'be happy'
miŋ	name
pʰej	foot
ʃok	scoop out
mɐŋ	dream
ha	bamboo
rɐk	make a basket; to weave
ja	night
ri	medicine
kej	kidney
tok	brain
kʰaw	grasshopper
su	wash (clothes)
paj	fly, jump
ŋom	bear
ri	intestines
ha	bamboo
ŋa	five
paj	be shallow
kʰa	cough
sa	do/make
ʃa	hear
tʰej	fruit
ku	twenty
ʃok	come out
wuk	belly
nir	wrinkle
sɐm	hair (head)
ci	horn
nu	laugh
cɐp	weep, cry
reŋ	hunt animals
pʰej	foot
ʃok	emerge, exit, occur, happen; do in exiting/emerging path (postp.)
vak	leftside
kuj	head
ʃuj	decay
cɐp	weep for someone
kap	shoot
tʰeŋ	dry
vak	leftside
met	squeeze
kʰum	back
kan	cross
ʃok	come out
tsa	eat (e.g. rice)
wuk	belly (exterior)
ʃɐp	be skilled at, be adept at, well versed in; be enough?
wo	great grandfather
co	saliva (-co 'spit' + -ru 'water')
min	ripe/well-cooked
luŋ	heart
taj	pound/crush
kʰaj	fish
naj	pus
kʰuk	knee
ta	be far off
tsej	spear
kor	bark
ru	egg (hàr 'chicken' + -ru 'water')
luŋ	stone
ru	snake
jor	sell
ci	fear/frighten
ru	water
mej	tail
jɐk	ashamed
lɐp	tie
tʰi	die for something
muk	cattle
fu	dog
veŋ	lightweight
tʰi	die
tʰɐt	kill
tʰak	kick
sam	hair (on head)
tʰi	die for something
tʰej	know/see
co	spit
tʰiŋ	tree/wood/stick
riŋ	alive
pʰej	foot, leg
co	saliva (-co 'spit' + -ru 'water')
ci	horn
ri	iron
vak	leftside
ko	nine
tsa	eat
rɐk	weave
wan	flower
ti	four
tsu	touch
va	bird
ru	grandchild
ʃɐŋ	clothes
paŋ	hand/arm
si	blood
kʰop	sew, stitch
lej	tongue
naw	child
ru	grandchild
ku	twenty
ci	fear (& frighten?), be afraid
muj	cloud
ra	ten
pʰa	search
kup	finish
sɯ	tie
sɐm	hair (head)
pʰaŋ	branch
ci	fear/frighten
nɯ	laugh
ni	mother-in-law
tsa	eat (rice)
ʃi	blood
ŋom	bear
luŋ	stone
kʰa	bitter
kuj	horse
sa	animal, meat
tʰuj	rise up, wake up
nɐ	thou
ha	axe
pet	soft
rak	weave
wo	great grandfather
tʰuj	wake up from sleeping
kʰaj	scoop out
caw	deer
kuu	insect
ʃok	emerge
nɐp	snot
ha	axe
wok	burst off (bottle)
kʰum	back
ri	intestines (ak´ri)
caŋ	want, like
hɐk	big
lek	lick
kʰa	chin
cuj	tall
ʃok	come out
tʰi	die
wo	father-in-law
lo	buy
kʰok	be deaf
ru	egg
mej	fire
pʰej	foot
nɯ	laugh
tsa	eat
nu	breast
mik	eye
ri	blow
ʃok	emerge, exit, occur, happen; do in exiting/emerging path (postp.)
kʰuk	knee
tʰɐk	kick
wuk	belly (exterior)
riŋ	alive
sa	body
vuk	belly
ka	open (mouth)
rɐm	land
jon	be wrong
naj	near
ru	egg (hàr 'chicken' + -ru 'water')
sa	body
jam	run away
ri	intestines
ri	intestines (ak´ri)
tok	brain
pʰej	foot
ma	rice (in fields/unhulled)
vaw	shout
ku	insect/bug/vermin
tii	four
sam	hair (on head)
ni	aunt (fathers sister)
wo	father-in-law
muk	cattle
ru	chop off; dig with a spade
tsɐŋ	enter
ni	seven
tʰak	kick
su	tie
kaj	break
ʃuŋ	correct
paj	fly, jump
vat	angry
ruk	six
tʰum	three
tʰen	dry
sa	hot/spicy/pungent
rɐk	weave
riŋ	be alive
tsɐn	sharp
kap	shoot one another
kap	shoot
mot	plantain, banana
kʰaj	fish
pim	needle
ka	climb, ascend, up; do in upward path (postp.)
wo	uncle (mothers brother)
ru	bone
sa	body
tʰi	die
ci	fear (& frighten?), be afraid
kʰoŋ	neck
hok	pig
caj	lip
rɐk	make a basket; to weave
ʃim	mortar
rit	heavy
ma	wound
mej	comparative degree
rɐk	weave
ri	blow
joŋ	monkey
tʰi	die for something
kap	shoot one another
tsa	ill
si	comb
wo	grandfather
tok	brain
ʃat	thorn
rɐk	make a basket; to weave
ra	sharpen
hɐn	expect
ri	blow
ŋun	corpse
ha	hair (on body)
mi	give
ruk	six
pʰej	foot
riŋ	be alive
ni	aunt, mother-in-lw
juŋ	root
sa	animal, meat
tsa	be sick
paj	can/be easy
kʰej	crooked/bent
kʰə	burn the feathers of a fowl
ri	intestines (ak´ri)
fu	elephant
ʃa	thick
na	nose
kʰaj	crab
reŋ	finger
nu	laugh
ci	horn
ra	be born
nɐm	be low
ca	necklace
rak	weave
wo	grandfather
wuk	belly
kʰa	be bitter
kʰaj	crab
ʃoŋ	road
suj	tempt
wo	uncle (mothers brother)
sa	animal, meat
sɐk	be difficult
ri	intestines (ak´ri)
ra	come
cik	wash hands
ʃo	open (door)
rɐm	otter
tek	break
kʰə	burn the feathers of a fowl
cor	spit
ʃat	thorn
wuk	belly
ni	two
var	mushroom
saŋ	long
huj	animal skin
si	blood
ha	tooth
tsiŋ	sky/rain
lum	warm
tsa	eat (e.g. rice)
kʰɐk	breath
ci	salt
ca	ant
tʰaw	drive
pʰa	seek/search
wo	grandfather
pʰə	snake
ru	egg
va	bird
nɯ	laugh
kuu	insect
tʰɐr	new
hɐr	fowl
kor	bark
ca	ant
ruj	toast
tʰik	chest
ʃu	dove
wo	grandfather, uncle
ku	insect/bug/vermin
lej	earth
cap	weep, cry
kʰow	dirty
kʰut	smoke
sɐm	hair (head)
fu	dog
kum	year
vu	carry on shoulders
ru	grandchild
ri	son-in-law
ha	axe
tʰɐr	clean
haw	start
tsa	eat (rice)
ru	water
ri	intestines
tʰaw	oil
maj	face
ri	medicine
ʃut	rub
tek	green
ʃa	hundred
nɐm	smell
lej	squirrel
co	spit
ʃok	emerge
kʰaj	fish
la	song
paj	fly
nuj	fry
ʃɐŋ	penis
pʰa	snake (ph´$
fu	elephant
tsa	be sick
ri	intestines
wo	father-in-law
ok	rat
ʃok	emerge, exit, occur, happen; do in exiting/emerging path (postp.)
sa	hot/spicy/pungent
sar	old
wo	grandfather, uncle
rak	weave
ʃi	blood
kwi	horse