ha	axe	ɕì	axe
ru	water	ǹ	water
nɐp	stick (v.)	na	stick (v.)
riŋ	alive; + phaa 'be happy'	r̥ɯ̀ə̃	alive, be (v.)
tsat	walk	zé	walk (v.)
tʰi	bile	t͡sɯ̂	bile
tʰuk	deep	tʰú	deep
sa	body	sî	body
kʰej	crooked/bent	kùe	crooked
rɐr	uncle (fathers older brother)	tuə	younger maternal aunt
tsa	be sick	ɕì	hot
ci	fear/frighten	t͡sɯ̀	fear (v.)
luŋ	heart	lũ̀	heart
won	flower	pɯ́ə	flower
liŋ	ant 	lɯ	snail
tek	green	tɯ́ə	green
sa	animal, meat	sí	flesh
wan	flower	pɯ́ə	flower
tii	four	ljá	four
ʃim	mortar	sɯ́	mortar
paj	fly	prie	fly (v.)
tʰɐk	kick	tʰá	kick (v.)
luj	fall	lỳ	fall (v.)
rip	scale (of fish)	ɬxɯ̂	scales (of fish)
pʰuŋ	carry	pʰũ	carry (on shoulders)
tʰaw	drive	tʰùə	drive (v.)
ʃim	sweet	sɯ̃̀ə	sweet
wo	grandfather, uncle	pvɯ́	grandfather, paternal
ca	necklace	t͡ɕî	necklace
tsik	black	zɯ́	black
mej	brother (older than ego)	mà	brother, older  of female
laj	forget	líe	forget (v.)
tsɐn	sharp	ɕxɯ̃̀ə	sharp
co	saliva (-co 'spit' + -ru 'water')	t͡sý	saliva
tɐm	carry by mouth (dog)	tõ̀	carry on head
cuj	burn	t͡ɕʰûə	burning
mej	comparative degree	mà	comparative degree
rap	rib	rɯ́ə	ribcage
si	comb	t͡sɯ́	comb
tsɐr	sister (younger than male ego)	zúə	sister, younger  of male
ka	climb, ascend, up; do in upward path (postp.)	kí	ascend/climb
ru	grandchild	t͡sý	grandchild
ʃoŋ	road	sã	road/path
ru	water	ǹ	water
ruj	thread a needle to string flowers	r̥ɯ̂	rope
ho	call	xû	call
tʰi	die for something	t͡sʰɯ̀	To die (v.)
saŋ	long	sɯ̃̀ə	long
tʰu	exchange	sŷ	exchange
ci	horn	t͡sɯ́	horn (of an animal)
ru	grandchild	t͡sý	grandchild
la	shadow	ɬî	shadow
ri	intestines	kʰɹ̥ɯ̀e	intestine
kej	kidney	ka	kidney
naw	child	nɯ̀	child
sa	animal, meat	ɕì	cattle
luj	field	luə	field
ri	intestines (ak´ri)	kʰr̥ɯ̀e	large intestine
kʰa	chin	kɕì	jaw, lower
ni	seven	nə́	seven
ra	sharpen	tí	sharpen knife
wo	grandfather	pv	maternal grandfather
wo	great grandfather	pvɯ́	grandfather, paternal
mej	tail	mâ	tail
ci	horn	tsɯ	antler (of deer)
mor	mouth	mó	mouth
ʃim	house	sɯ̃̂ə	house
sa	hot/spicy/pungent	cuə	be sick/ill
sa	do/make	sə́	do (v.)
ʃi	blood	ǹ	blood
kap	shoot	kɯ̂ə	shoot
pʰit	hit (with stick), hammer (get tone)	psɯ́	hit (v.)
caŋ	want, like	t͡ɕʰɯ̂ə	like
rum	add together, together	rũ̀	add together
cuj	burn; burning fire	t͡ɕʰûə	burning
ru	bone	rù	bone
kʰow	dirty	kxùə	dirty
tʰɐr	clean	tʰɯ̃̀ə	clean
tʰaj	be hungry	t͡ɕʰê	hungry for rice, to be (v.)
ru	egg	t͡sỳ	egg
pet	soft	pʰè	soft
tʰaw	fat	txɯ̂	fat
ruk	six	trú	six
kʰaw	grasshopper	kxɯ́	grasshopper, giant
paj	defecate	bíe	defecate (v.)
cik	wash hands	t͡ɕʰŷ	wash (hands) (v.)
mik	eye	mɯ̂	eye
kʰut	smoke	kfɯ̂	smoke
sam	rice (hulled)	sxɯ̃̀ə	husked rice
su	wash (clothes)	sý	wash (clothes) (v.)
kɐj	bite	ká	bite
kej	kidney	ká	kidney
kaj	break	kíe	break (v.)
pʰew	wash (hands)	pr̥ɯ̂	wash (legs) (v.)
ra	ten	hé	ten
tʰak	kick	tʰá	kick (v.)
ʃut	rub	sú	brush teeth (v.)
ru	water	t͡sý	water
cuŋ	many, a lot of	t͡ɕúŋ	many
cɐp	weep for someone	t͡sô	cry (v.)
tʰej	fruit	tχâ	fruit
lɐt	self	le	1sg:refl
wo	great grandfather	pv	father-in-law
rak	weave	tõ̂	weave
kaw	scratch	kù	scratch
rɐr	uncle (fathers older brother)	tʰûə	uncle, wife of older paternal
la	song	ɕĩ̂	song
cap	weep, cry	t͡sô	cry (v.)
kʰɐk	breath	kʰâ	breath
muj	itchy	mûə	itch
cor	spit	t͡sý	saliva
kʰa	bitter	kʰí	bitter
co	spit	t͡sý	saliva
jor	sell	zỳ	sell
tsa	eat (e.g. rice)	zi	eat (rice; v.)
ju	kiss	zɯ̃̀ə	suck
kaw	dry (meat, vegetable, etc.)	kɯ́	roast/dry (v.)
ŋaj	want, desire (post-posed to main verb)	ŋie	want/desire
wo	grandfather	pv	father-in-law
tsiŋ	sky/rain	zɯ̃́ə	sky
pʰa	snake (ph´$	ɹɯ́	snake
tsej	spear	zà	spear
tsu	touch	tsɯ́	touch (v.)
rɐr	uncle (fathers older brother)	tuə	older maternal aunt
ci	salt	t͡sɯ́	salt
tʰak	kick	tʰa	kick the foot (v.)
sam	hair (on head)	ɕí	hair of the head
tɐt	cut (meat)	dé	cut meat (v.)
kuj	pestle	kuə	pestle
ʃu	dove	sɯ̀	dove
tew	be small, low	túə	small
tʰi	die	t͡sʰɯ̀	To die (v.)
nɯ	laugh	nỳ	laugh
tuj	word/speech	lùo	words/speech
paj	can/be easy	líe	easy/cheap
riŋ	alive	r̥ɯ̀ə̃	alive, be (v.)
wok	burst off (bottle)	búʔ	burst (v.)
joŋ	monkey	zõ̀	monkey
ʃo	open (door)	sxú	open
sɐm	hair (head)	ɕí	hair of the head
lek	lick	lɯ́ə	lick (v.)
tek	break	dɯ̂ə	break (v.)
la	bow, arrow	lé	arrow
nuk	shake (sth.)	nù	shake something
tʰɐr	new	tʰùə	new
tsat	rice (cooked)	zɯ̀ə	cooked rice
hɐŋ	cook	χõ̂	cook (v.)
paj	fly	prí	fly (v.)
vak	leftside	pə́	left hand
ri	son-in-law	r̥í	daughter in law
pʰej	foot	pχá	thigh
ʃim	mortar	kúə	mortar
ma	wound	mi	wound
ja	agree/accept	ʑì	accept (v.)
vak	rightside	pá	right hand
na	leaf	nə̀	leaf
cap	weep	t͡sô	cry (v.)
ni	mother-in-law	nɯ	mother-in-law
kʰa	chin	kɕì	chin
si	blood	ǹ	blood
tsim	suck	zɯ̃̀ə	suck
ʃa	thick	ɕí	thick
rɐr	uncle (fathers older brother)	tûə	uncle, father's younger brother
tʰak	kick	tʰá	kick (v.)
tʰuj	awaken, wake up, leave, sprout (plant)	txûə	To awake, be (v.)
tʰiŋ	tree/wood/stick	tʰɯ́m	tree
ru	snake	ɹɯ́	snake
hok	pig	xû	pig
wo	crawl	pû	crawl
wo	grandfather	pvɯ́	grandfather, paternal
rɐr	uncle (fathers older brother)	tûə	aunt, wife of father's younger brother
lum	warm	lũ̀	warm
caŋ	moon	t͡ɕɯ̃́ə	moon
suj	tempt	ɕŷ	tempt
ca	ant	zá	snail
lej	exist, have, be	là	exist (v.)
ŋa	five	ŋì	five
tʰen	cause to dry	tχɯ̃́ə	dry
wo	uncle (mothers brother)	pvɯ́	grandfather, paternal
tʰa	be like, resemble; cf. na ká thàà talè 'how are you?'	tʰi	resemble/be like
ha	bamboo	sɯ́	bamboo
mit	scrape, rub	mɯ́ə	rub (v.)
mi	person	mɯ̀	person
ruk	six	trú	six
sa	animal, meat	sî	body
hɐm	pot	ʔõ̂	pot
ʃi	wind	ɕúe	wind
tsa	be sick	cuə	be sick/ill
mej	fire	má	fire
juŋ	root	kə́	root
ʃok	scoop out	sú	scoop out
ŋom	bear	ŋõ̀	bear
rɐr	uncle (fathers older brother)	tuə	younger maternal aunt's husband
hɐn	curry	hẽ́	curry
ju	kiss	zɯ̀	kiss (v.)
pim	needle	prɯ̃̀ə	needle
wo	uncle (mothers brother)	pv	father-in-law
reŋ	lizard	tã́	house lizard
maŋ	disappear; to be lost	mɯ̃́ə	lost
kej	bite	ká	bite
rɐr	uncle (fathers older brother)	tʰûə	uncle, older paternal
ha	hair (on body)	kúə	hair
maj	face	mìe	face
haj	vagina/vulva	ɕíe	vagina
naj	pus	ɲùe	pus
ʃuŋ	close	sxũ̀	closed
paj	fly, jump	prie	fly (v.)
ʃup	pick up stones etc. from rice	sú	scoop out
ji	grandmother	pzɯ́	grandmother
kʰa	be bitter	kʰí	bitter
raj	war	ɹɯ̂e	war
kʰa	cough	kɕí	cough
ci	fear (& frighten?), be afraid	t͡sɯ̀	fear (v.)
sa	hot/spicy/pungent	t͡ɕʰúə	sick, be
kʰaŋ	lift	kʰə́	lift up
kʰaj	crab	kɕíe	crab
rɐk	make a basket; to weave	tõ̂	weave
ra	untie	kɬì	untie/loose (v.)
miŋ	name	mɯ̃̀ə	name
nuj	fry	ŋûə	fry (v.)
sa	body	sí	flesh
ju	kiss	zû	breast
kum	year	kũ̀	year
vu	mother	pvɯ̀	pig, female
wo	grandfather, uncle	pv	father-in-law
wo	grandfather, uncle	pv	maternal grandfather
wor	swell	pû	swell
kap	shoot one another	kɯ̂ə	shoot
paŋ	hand/arm	bɯ̃̀ə	shoulder/arm
ko	nine	kú	nine
ri	intestines	kʰr̥ɯ̀e	large intestine
sɯ	wash (clothes)	sý	wash (clothes) (v.)
ruk	six	hè	six
ʃok	come out	sú	exit (v.)
tsɐŋ	enter	zã́	enter (v.)
kan	cross	kẽ́	cross
kuj	horse	kûe	horse
nɐm	smell	nõ̀	smell/sniff (v.)
vuk	belly	pû	belly
na	nose	nə̀	nose
ja	palm (of hand)	ʑì	palm
tsa	eat (e.g. rice)	zî	eat (v.)
tok	brain	dû	brain
tʰɐt	kill	tʰé	kill (v.)
ʃok	emerge, exit, occur, happen; do in exiting/emerging path (postp.)	sú	exit (v.)
kʰuj	bee	kxùi	bee
pʰe	slap	pɕí	slap (v.)
haw	start	xúə	start (v.)
tʰɐk	kick	tʰa	kick the foot (v.)
caw	deer	t͡ɕɯ	deer (generic)
rit	heavy	r̥ɯ́	not heavy
ku	twenty	kù	twenty
pʰə	snake	ɹɯ́	snake
hut	leech	hê	leech
tʰuj	rise up, wake up	txûə	To awake, be (v.)
ʃa	hundred	ɕí	one hundred
ri	intestines (ak´ri)	pí	smal intestine
tʰaw	oil	txɯ̂	fat
luŋ	stone	lũŋ	stone
co	spit	t͡sỳ	spit (v.)
pʰa	search	pɕí	seek/search
na	ear	nî	ear
kɐk	cut (wood)	ká	cut wood (v.)
tok	brain	dû	brain
wo	father-in-law	pv	father-in-law
lej	tongue	li	tongue
tsa	eat	zi	eat (rice; v.)
ti	four	ljá	four
kʰoŋ	neck	kʰõ	neck
haj	shout in singing	χà	shout
ta	be far off	ɬí	far
sik	cold	sxɯ̂ə	very cold
ta	fall (from a height)	kʰə	fall (v.)
tʰak	fast, quick, come before time	tʰɯ́ə	fast
wo	father-in-law	pvɯ́	grandfather, paternal
luj	water buffalo	lỳ	buffalo
huj	animal skin	xúi	skin
kʰuk	knee	kùe	crooked
mɐŋ	drink	mã̀	drink (v.)
pa	brother, girl younger  ML	pi	brother of male (younger)
lo	vomit	lù	vomit (v.)
ci	horn	tsɯ	antler (of deer)
caŋ	wing	t͡ɕʰɯ̃̀ə	wing
wuk	belly	pû	belly
veŋ	lightweight	pɯ̃̀ə	light (weight)
rɐm	land	rã̂	land/country
kʰok	be deaf	kxú	deaf
va	father	pî	father
nu	laugh	nỳ	laugh
lo	buy	lú	buy
lej	earth	lâ	soil
ji	grandmother	pzɯ	maternal grandmother
jɐŋ	look	hã́	look (v.)
tʰej	know/see	tχa	see/know
pʰa	be good	pʰr̻í	beautiful
co	saliva (-co 'spit' + -ru 'water')	t͡sỳ	spit (v.)
ru	egg (hàr 'chicken' + -ru 'water')	t͡sỳ	egg
tʰum	hide	t͡ɕʰỳ	hide (something)
cɐp	weep, cry	t͡sô	cry (v.)
ci	horn	t͡sɯ́	horn (of an animal)
pi	sleep/lie down	bzɯ̂	To sleep (v.)
kʰur	anus	kfɯ̀	anus
ju	wet	zɯ́	wet
cuj	burn, ignite	t͡ɕʰûə	burning
ʃi	feel bad, be upset; be difficult (postp.)	t͡ɕî	bad character
tsa	eat	zî	eat (v.)
ni	aunt (fathers sister)	nɯ	mother-in-law
ʃuj	decay	ɕỳ	rot
huj	wither/fade	xui	wither
tsa	eat (rice)	zi	eat (rice; v.)
kʰu	village	kfɯ̂	village/state
tuŋ	descend, go down; do in downward path (postp.)	dũ̂	descend (v.)
si	wind	ɕúe	wind
kʰaw	grasshopper	kxɯ̂	grasshopper
wo	father-in-law	pv	maternal grandfather
kʰaj	knife	kɕìe	knife
mak	brother-in-law	mɯ̂ə	brother-in-law
pʰuŋ	mountain	pʰùŋ	moutain
hɐn	expect	hẽ́́	expect (v.)
ʃat	eight	ɕí	eight
ta	fall from height	kʰə	fall (v.)
nɐ	thou	nã̂	2sg
ri	intestines	pí	smal intestine