ri	iron
nik	mother-in-law
nɐŋ	sister-in-law
kʰuʔ	smoke
nej	near
kʰu	crooked
roʔ	weaver
ruk	bone
wuʔ	burst
kʰej	scoop out/dish out
hɐŋ	skin
vɐm	uterus/womb
tʰɐŋ	tree
wuk	thumb
se	animal
tsow	deer (generic)
tsik	afraid
kʰə	burn
kʰe	chin
juŋ	piss/urine
pej	fly
li	steal
we	axe
huʔ	pig
kej	kidney
kaʔ	shoot
le	forget
jɐŋ	wrong
tsik	tight
lu	tongue
nej	pus
rwe	axe
kʰej	scoop out/dish out
sam	chase
pej	fly (v.)
tʰu	fruit
vuk	carry (on shoulders)
huʔ	pig
rɐŋ	snake
mɐŋ	name
kʰuʔ	knee
re	sharpen
tsɐŋ	sky
rejʔ	heavy
ruk	water
huʔ	pig
tse	eat
tsik	horn
tʰu	see; look
we	tooth
tʰow	drive
luŋ	heart
tʰo	clean
tʰe	dry
ʔa	back
muʔ	cattle/cow
mu	tail
wuʔ	belly
kʰe	chin
kʰe	chin
tʰow	awaken
tʰu	sour
roʔ	louse
sik	one
ju	monkey
kaʔ	kick
tʰu	full (stomach)
we	bird
tʰow	fat
vɐŋ	flower
tʰɐm	three
re	ten
ʃe	thorn (prick)
kɐn	twenty/score
su	open
kʰu	insect
muʔ	cattle/cow
jep	sleep/ be asleep
kʰe	bitter
naʔ	stick (v.)
nuk	laugh
le	star
sik	blood
kow	head
tsuk	dove
le	sing
rɐŋ	snake
ruk	water
lu	exist
ruk	egg
vi	light (weight)
rɐŋ	snake
mu	mouth
vuk	father-in-law
huk	dog (Canis familiaris)
lam	placenta/afterbirth
sɐŋ	joint
tse	eat
kʰe	bitter
pʰik	clothes
pej	easy
kɐŋ	horse
sik	comb
je	respect
ku	nine
tik	be numb/ be paralyzed
nuk	breast
wuʔ	belly; abdomen
re	be born
tsu	spear
lu	brain
kʰi	lift up
ram	otter
huk	elephant
re	arrive
sik	blood
lu	earth/ground/dry land (vs. water)
tsejʔ	eight
kʰu	knife
kʰe	chin
kɐn	twenty
kow	grasshopper
se	animal
kʰu	insect/bug/vermin
rɐŋ	guts; intestine; viscera
pʰik	clothes
luʔ	brain
nuk	smile; laugh
ruk	water
sam	hair (head)
lu	squirrel
pu	full/complete
vuk	grandfather/father-in-law
ruk	egg
reʔ	tie
rɐŋ	alive; be living
le	moon
kʰoʔ	breath
kʰɐm	back
hej	expect
vue	leftside
nu	fight; play (with the hands)
lu	buffalo
pej	shallow
suʔ	emerge
tsam	saliva
rɐm	add together
kaʔ	kick
huk	dog
nik	mother-in-law
kʰe	jawbone
nik	seven
tʰɐn	liver
kʰu	crooked
tsaʔ	weep
tik	be numb/ be paralyzed
tse	eat
vɐŋ	flower
rɐŋ	guts/intestine
nik	two
roʔ	louse
tʰɐm	three
roʔ	weave
nik	seven
hɐŋ	skin
roʔ	weaver
joʔ	ashamed
kʰej	fish (general)
luŋ	heart
se	hundred
kʰe	bitter
tsik	horn; antler
le	moon
tsɐr	spit
nuk	smile; laugh
kʰej	crab
r	axe
pej	fly
tsow	hot
kʰej	pound/crush
nej	twist/knead
low	field
tsuk	touch
lu	buffalo
ju	monkey
tsow	tall
tʰow	awaken
row	roast
ruk	water
re	come
ruk	egg
ruk	bone
we	bamboo
re	hunt
we	bamboo
raʔ	rib
ruʔ	six
so	penis
roʔ	weave
su	tempt
nam	smell
tse	be sick/be ill/hurt
vu	crawl
tsuk	touch
tse	lower lip
sɐp	blink
lɐŋ	marrow
mo	dream
ruk	egg
vejʔ	soft (to touch)
nuk	laugh
tʰejʔ	kill
pʰu	foot; leg
tsa	like/desire/want
sik	comb
lu	squirrel
ku	bark
tse	ant
ku	nine
ʃe	thorn (prick)
sik	blood
juŋ	urine
suʔ	produce/emerge
ju	sell
mu	cloud
kik	four
roʔ	louse
we	bamboo
se	animal
kʰe	chin
ram	otter
ruk	bone
roʔ	weave
pem	needle
hɐŋ	skin
pʰu	foot
kʰej	fish
tsɐm	suck (v.) (as a leech)
se	lend
lam	placenta/afterbirth
ʔa	calf (of leg)
pʰe	seek/search
luk	daughter
luk	daughter
le	arrow
nu	wrinkle
tsaʔ	weep
kʰuʔ	knee
ʔa	calf
rɐŋ	guts; intestine; viscera
se	do
kʰu	neck
so	swallow
se	thick
maʔ	brother-in-law
vuk	grandfather/father-in-law
ku	bark (of tree)
kɐŋ	horse
huʔ	pig
nuk	breast
nam	basket strap
tsik	fear
suŋ	mortar
rik	medicine
ni	five
ruk	egg (of animal)
woʔ	copulate (v.)/have intercourse
suʔ	exit
pʰuŋ	mountain
ruk	chop
saʔ	able
tsik	fear
kʰɐp	sew
ham	yawn
kʰej	crab
lik	armpit hair
kɐn	twenty
pu	cooked rice
ruʔ	six
tʰoʔ	chest
hɐm	bear
mu	fire
kʰɐm	door
tsoʔ	black
le	navel
va	mushroom
tsu	spit (v.)
suʔ	exit
roʔ	weave
mu	3sg
juʔ	rat
lik	blow (mouth)
kʰe	bitter
kow	grasshopper
rɐŋ	alive; be living
ko	strong
ni	five
kɐp	finish
naʔ	snot; mucous
re	son-in-law
suʔ	emerge
lo	fall
ruk	egg
tsow	dig
tse	be sick/be ill/hurt
ke	descend/come down
ho	chicken/fowl (general term)
tse	ant
tsuk	dove
tik	carcass
kaʔ	shoot (v.)
vue	left (side)
tsik	salt
je	night
tʰɐŋ	hide
sɐŋ	road/path
nuk	breast
vue	leftside
suk	wash
hɐm	Tibetan/Himalayan bear (Selenarctos thibetanus)
jep	sleep/lie down
tsej	sharp
mejʔ	extinguish/put out fire
ŋun	corpse
nuk	laugh
jam	run/flee
tik	die; be dead
lik	armpit
tsɐm	sit
tʰe	dry
se	flesh; meat
tʰo	new
pʰej	blow
sam	hair of head
juŋ	root
luʔ	brain
kaʔ	shoot
now	fry
tuʔ	deep
kik	four
pu	fart
ruk	egg
ji	rightside
luŋ	stone
tsaʔ	weep
kow	grasshopper
sa	old
ku	bark
hɐm	bear
kʰɐ	deaf
ke	climb/ascend
ni	five
su	decay
kow	grasshopper
tʰow	awaken
ʃe	thorn
se	body hair
lik	blow
lu	to vomit
vue	leftside
nɐŋ	mind/locus of thought
nik	seven
lu	roll
rejʔ	heavy
moʔ	eye
kɐm	year
kə	blow
tso	enter
huk	dog (Canis familiaris)
kej	kidney
tsik	salt
suʔ	produce/emerge
juʔ	rat/rodent
suʔ	emerge
row	crab
sik	eleven
nik	two
nuk	laugh
luŋ	heart
mej	face
wuʔ	belly (exterior)
sam	hair (general)
moʔ	banana
vej	hand; arm
me	give
luŋ	stone
nik	two
tsoʔ	wash
pu	rice (cooked)
tuʔ	deep
ruk	grandchild
tsuk	dove/pigeon (general term)
ju	1pl
ke	far
kʰe	cough
mu	more than (comparative degree)
soʔ	difficult/cold
hu	wither
vue	left hand
ruk	water
tuk	short (height)
kɐŋ	horse
kʰu	crooked
ku	nine
ʔa	back
huk	elephant
tʰu	see/know
lej	leech
mɐŋ	ripe/well-cooked
ri	small intestine
suŋ	mortar
tuʔ	deep
ʃe	body
ve	be pregnant
vuk	maternal grandfather
kej	break
tsoʔ	black
suk	tie
ni	ear
kʰow	dirty
pʰe	seek/search
wu	to swell/ be swollen
kaʔ	shoot
kʰuʔ	smoke
rɐŋ	snake
muʔ	cow
vow	shout
rejʔ	heavy
re	arrive
hoʔ	big
sik	comb
tʰe	dry
rɐŋ	alive
vɐm	uterus/womb
re	arrive
we	bird (general)
vuk	grandfather/father-in-law
suŋ	mortar
rɐŋ	large intestine
pʰi	branch/bough
luŋ	heart
vɐŋ	flower
wi	bamboo
suk	tie
wuʔ	belly
vɐm	round
ni	nose
tse	hear
vɐm	body
huʔ	pig
sik	eleven
huk	elephant
huk	dog
sɐŋ	clothes
mi	rice field/swidden/upland field
lɐm	warm
ke	open the mouth
ku	bark
hwi	late
sejʔ	rub
lu	buy
leʔ	break
mi	scar
vuk	maternal grandfather
kejʔ	cut
kɐŋ	horse
nuk	breast
rik	medicine/juice
lu	squirrel
luŋ	stone
tsik	horn; antler
kej	cross
lej	leech (land)
rɐŋ	snake
kow	grasshopper
tso	thirsty
re	finger
leʔ	lick
a	armpit
ruʔ	six
pej	fly (v.)
ju	monkey
si	long
tuk	short (length)
ruk	egg
pʰu	foot; leg
kʰə	burn/be on fire (v.i.)
nik	mother-in-law
ke	crotch; fork of legs
pʰu	leg
pʰe	seek/search
keʔ	green
suk	tie
kʰu	insect
vue	left hand
tik	die; be dead
nem	low
kʰe	bitter
kɐŋ	horse
suʔ	exit
ni	leaf
kik	four
tsoʔ	black
juʔ	rat
tsejʔ	walk
mow	itchy
roʔ	weave
sik	one
tʰɐm	three
kʰuʔ	smoke
no	2sg
ram	otter
vue	left (side)
ce	necklace
ruk	grandchild
ke	open the mouth
ruk	chop
rik	medicine
ram	village
suŋ	correct
haw	start
tsik	salt
now	child
sik	bleed (v.)
jep	sleep/ be asleep
vejʔ	angry (hear is bursting)
tsik	fear
ruk	grandchild (nephew)
ʔu	I
kə	blow