ca	be thirsty
ʃa	cook
ðot	rice (cooked)
luŋ	stone
nɐ	seven
ðar	aunt (mother's younger sister)
tsɐ	four
cir	spit (v.)
cap	cry/weep (v.)
nam	basket strap
ʃit	eight
kʰwe	fish
ju	palm
si	young (of animal)/calf/foal
pim	needle
sam	run/flee
ðo	bracelet
tsɐ	fear/frighten
ni	laugh
kop	shoot (v.)
ði	big
pʰi	calf (of leg)
rɐk	louse
tsɐ	salt
ʃur	follow
ta	pine
kwi	twenty
nɐ	mother-in-law
ham	pot
kʰuk	knee
ʃu	thick
lu	ash/cinder
nɐ	breast
kʰu	jaw (general)
rɐ	medicine
va	paternal grandmother
kʰum	back
ði	spear
fu	axe
kʰur	cave
kʰak	breath
ʃe	emerge
pon	arm
kʰə	burn/be on fire (v.i.)
kʰɐ	scratch/scrape
kʰaw	shoulder bag
ʃe	brain
vɐn	flower
rɐk	rat
ʃu	hundred
kop	shoot (v.)
ðak	weave
kwi	twenty
pʰwi	snake
fu	tooth
kʰum	back
ʃim	sweet
fu	body hair
tsa	grass
rɐŋ	alive/be living
ju	left hand
te	uncle (fathers younger brother)
ruk	six
le	field
ðu	eat (rice)
pot	soft
tʰɐ	bile
com	be hungry
sor	old
tsɐ	salt
ʔi	I
nap	stick (v.)
ki	bite
ru	untie
tʰe	awaken
ði	egg
fu	elephant
tsɐ	moon
we	molar
kʰi	bee
pʰɐn	blow (mouth)
wu	bird (general)
kʰu	chin
tʰeŋ	dry
tʰi	exchange
sam	hair (head)
ʃe	emerge
fak	pig
wat	angry (hear is bursting)
kʰi	crooked
tʰɐn	liver
nɐ	seven
pi	finish/be complete
hwi	dog (Canis familiaris)
su	flesh/meat
hivu	uncle (fathers sisters husband)
kʰu	jaw (general)
pu	brother of female (younger)
mi	sister of female (elder)
car	white
veŋ	light (weight)
ʃam	chase
hɐ	call
aw	father
hɐ	carry on shoulders
vɐn	flower
sɐ	blood
tʰɐŋ	bark (of tree)
vu	grandfather
nɐŋ	sister-in-law (of female ego)
ja	look at
no	child
nwe	near
sɐ	comb
ðar	wife of older paternal uncle
lum	warm
nɐ	ear
ðot	rice (cooked)
ðu	be sick/be ill/hurt
pon	hand
sɐ	die
kʰu	bitter
cap	cry/weep (v.)
ðɐk	black
nɐ	nose
ʃim	house
sɐ	die/be dead
tsɐ	fear/frighten
kʰɐ	scratch/scrape
lo	shadow
ki	kidney
kʰuk	knee
pwe	fly
ki	bite (v.)
tʰak	kick
mɐŋ	name
pʰi	foot
li	buffalo
lu	arrow
tɐŋ	marrow
jip	sleep/ be asleep
ði	egg (of animal)
wa	rightside
ʔu	he/she
li	squirrel
tʰi	fruit (general)
ŋɐ	five
kʰɐ	scratch/scrape
kʰok	basket (head-basket)
kʰum	back
hor	mushroom
mwe	face
ʃim	sweet
kwe	horse
sɐ	scoop out
kʰip	sew
ta	pine
tɕap	weep
nak	fine
kɐ	nine
wuk	belly
ða	fall
mi	more than (comparative degree)
ʃwe	eat (general; v.)
pʰuŋ	mountain
mok	brother-in-law of male (younger)
fu	axe
tɐt	cut (vegetables)
tʰeŋ	dry
ma	drink (v.)
ji	leftside
ʃe	brain
kwe	pestle
pʰi	foot
ðak	weave
fu	bamboo
ʔa	pig
ðu	eat (rice; v.)
co	deer
lu	daughter
lɐt	self
ŋun	corpse/dead body
lwe	forget
rɐ	iron
rum	add together
ðɐŋ	sky
li	buffalo
si	young (of animal)/calf/foal
rɐŋ	alive/be living
vu	father-in-law
ðɐk	burn/be on fire (v.i.)
mwe	want/desire
har	chicken/fowl (general term)
nɐ	hear (v.)
fu	axe
li	squirrel
nɐ	breast
rɐ	wait
ke	cold
kum	year
him	bear
kʰam	door
kʰu	bitter
kup	finish
ce	tall
ði	water
kʰɐ	insect
vu	paternal grandfather
vu	great grandfather
tʰur	sour
nɐ	two
kʰur	anus
pwe	fly
ða	enter
kwe	horse
ʃa	cook
tu	far
mi	tail (of animal)
kɐ	bark
su	body
fak	pig
ðu	sharpen
ʃuŋ	arrive
vu	great grandfather
ði	water
tʰa	resemble/be like
kon	cross
pʰor	lung
tʰak	kick
ðu	young (of animal)/calf/foal
ðar	sister (oldest)
ŋɐ	five
tʰar	new
si	young (of animal)/calf/foal
kʰə	laugh
ʃim	mortar
vu	uncle (mothers brother)
mɐn	ripe/well-cooked
rɐt	heavy
som	rice (hulled)
le	navel
ce	burn off fields/slash and burn
ron	spider
li	exist/be
ðej	ant
ʃuk	borrow
ju	accept
ce	burn off fields/slash and burn
mor	mouth
hi	uncle (mothers brother)
rɐk	louse
ruk	six
pwe	defecate (v.)
we	molar
him	Tibetan/Himalayan bear (Selenarctos thibetanus)
wuk	belly
ðar	paternal aunt (elder)
kʰwe	fish (general)
kʰə	heavy
tʰum	three
lɐ	buy
vu	great grandfather
ʃuŋ	arrive
kʰi	bee
mɐ	person
sɐ	blood
kʰə	heavy
re	roast
rɐ	bone
ðɐ	grandchild
aw	father
va	grandmother
tɕe	burn
u	bird
kʰu	bitter
ta	pine
tuŋ	descend
li	earth
tʰum	hide
kʰu	chin
sun	joint
sɐ	comb
pʰi	foot
muk	cattle
ʃap	able
kʰur	anus/rectum
tʰuk	deep
ru	ten
vu	great grandfather
ʃu	dove
tsɐ	salt
kɐ	nine
kʰu	chin
pʰwi	snake
rɐ	intestines/bowels
ke	head
si	tempt
fɐt	ashes
tʰeŋ	be dry
te	words/speech
pʰi	wash
lɐŋ	root
pi	blind
tʰak	kick
ce	lip
tsɐ	horn
kwe	horse
pwe	fly
kʰu	chin
hur	fan onself
si	buffalo
wuk	stomach
kʰə	laugh
tʰeŋ	dry
kɐ	nine
nɐ	breast
ðɐ	grandchild
pi	leech
him	bear
ðar	sister (younger than male ego)
kʰur	cave/hole (in rock)
rɐ	intestines/bowels
vu	paternal grandfather
ki	bite (v.)
lek	lick (v.)
tʰum	three
kwe	break
ʃwe	eat (general; v.)
tsa	grass
ki	kidney
kʰu	bitter
mɐt	squeeze
ði	water
vu	father-in-law
we	mother
luŋ	heart
luŋ	heart
ðar	uncle (fathers older brother)
sam	hair of head
ðej	ant
pʰi	leg
kʰi	crooked
a	come
cir	saliva
nur	fight with
ðar	aunt (father's older brothers wife)
tɐk	pound/crush
fak	pig
cuŋ	(be) many
pʰi	calf (of leg)
nɐŋ	stand
tʰɐk	lung/chest
pʰi	calf
fu	elephant
ʃe	produce/emerge
ðak	weave
nwe	twist/knead
kʰok	basket
kʰuk	knee
ðar	paternal uncle (elder)
ʃim	mortar
sɐ	comb
kʰaw	shoulder-bag
ʔa	medicine
kwe	horse
kʰi	bee
kop	shoot
tʰuk	deep
ði	egg
tʰo	fat
ʃe	produce/emerge
sɐ	one
kɐ	bark
rɐ	bone
se	thorn
kʰwe	knife
jak	ashamed
kʰɐ	insect
kʰu	bitter
ma	dream
we	mother
ki	kidney
vɐn	flower
ðar	aunt (father's older sister)
sɐ	one
tʰɐt	kill
tɕe	burn down
lɐ	steal
ko	thin
rɐk	louse
hwi	dog
cu	necklace
tʰum	three
kʰi	bee
pi	leech (land)
mɐ	give
nam	deceive
rop	rib
ða	fall (from a height)
ðak	weave
ri	crab
pu	buttocks
pʰi	leg
tʰe	awaken
fu	elephant
jip	sleep/lie down
we	eat (fruit)
tʰe	awaken
ðar	uncle (mothers older sisters husband)
mi	fire
ʔa	medicine
jap	hit/strike
sɐ	scoop out
kʰut	smoke
luŋ	stone
wu	go
kwe	horse
kʰi	bee
ðar	oldest sister
ham	yawn (v.)
rɐ	bone
tsɐ	four
con	help
nɐ	mother-in-law
hu	young (of animal)/calf/foal
tʰar	clean
tek	green
kɐ	bark (of tree)
ðak	weave
rɐ	intestines
nɐ	seven
sɐ	scoop out
ʃi	decay
ðɐŋ	pound/crush
ði	egg (of animal)
su	do
tsɐ	fear/frighten
pʰɐn	belly/abdomen (external bulge)
pon	hand
ce	dig
nam	smell
hon	expect
kʰu	cough
ʃuŋ	arrive
lɐk	armpit
ðɐ	grandchild
pʰu	seek/search
vu	grandfather
ði	water
se	thorn
ʃa	husband
vu	grandfather
rɐk	throat
fu	bamboo
ði	water
sɐ	die/be dead
muk	cattle
ʃuŋ	correct
kʰi	crooked
sam	hair of head
pwe	easy
nɐŋ	thou
kwe	horse
ruk	six
nɐ	mother-in-law
si	tie
hɐn	curry
tsɐ	four
ðu	eat (rice; v.)
mi	brother-in-law of female (older)
pon	hand
nɐ	leaf
ŋɐ	five
so	long
nɐ	two
kʰu	crab
jip	sleep/ be asleep
nim	damp
ku	climb/ascend
kwi	twenty
ʃu	dove/pigeon (general term)
ʃim	sweet
ji	leftside
kʰɐ	insect/bug/vermin
ri	toast/cook from the side
ki	chew (v.)
reŋ	hunt
pʰo	branch
tʰuk	deep
ðɐk	black
fak	pig
ʃut	brush (teeth)
nɐ	two
cir	saliva
si	young (of animal)/calf/foal
tʰo	drive
kʰut	smoke
rɐ	son-in-law
se	thorn
lu	daughter
ðar	older maternal aunt's husband
kʰur	cave/hole (in rock)
fu	bamboo
ʃa	clan
ʃim	mortar
sɐ	blood
li	tongue
pi	leech (water)
tʰi	see/know
fak	pig
fu	elephant
kʰə	be sick/be ill/hurt
ðɐk	black
tʰok	fast/quick
ʔa	antler (of deer)
aw	paternal uncle (elder)
pam	sit
pʰu	seek/search
hwi	dog
kʰu	chin
kwe	horse
roŋ	slingshot
lu	daughter
ram	village
tsɐ	horn (of animal)
ŋum	round
nɐŋ	think
mɐk	eye
luŋ	heart
luŋ	stone
hi	wither
kʰu	crab
nap	Flick the snot (from your nose)ǃ
kʰut	smoke
wor	sell
li	squirrel
naŋ	spin
rɐŋ	alive
ðar	sister (younger than male ego)
tsɐ	horn (of animal)