ru	egg
vu	mother
kʰur	anus
pʰa	search
pʰej	foot, leg
tsɐŋ	enter
kej	bite
tʰej	know/see
riŋ	alive
rɐm	land
si	blood
nɐm	deceive
nim	damp/gentle
tsar	male's younger sister
tʰak	fast, quick, come before time
wuk	belly
ca	ant
tsɐr	sister (younger than male ego)
jɐk	ashamed
la	bow, arrow
sɐm	run/flee
kʰaj	fish
fu	dog
rit	heavy
riŋ	be alive
lek	lick
cap	weep, cry
pʰa	seek/search
cor	spit
cap	weep, cry
tʰu	exchange
hut	leech
tsar	male's younger sister
nɐm	smell
luŋ	heart
ku	twenty
sam	hair (on head)
tʰuk	deep
kʰum	back
ʃok	emerge
ruk	six
tii	four
pʰej	foot
met	squeeze
muk	cattle
ʃaj	eat fruit
kor	bark
luj	field
ni	aunt (fathers sister)
tuj	word/speech
wo	great grandfather
ʃim	mortar
cɐp	weep, cry
tok	brain
tʰi	bile
tsɐr	sister (younger than male ego)
caj	lip
wo	grandfather
sam	hair (on head)
fu	dog
ŋom	bear
ci	horn
kwi	horse
wo	father-in-law
la	ashes
ru	egg (hàr 'chicken' + -ru 'water')
kap	shoot
ni	aunt, mother-in-lw
nɐp	snot
niŋ	think
caŋ	moon
cuj	burn, ignite
sa	animal, meat
rɐk	make a basket; to weave
riŋ	alive; + phaa 'be happy'
ʃaj	eat
rɐr	uncle (fathers older brother)
nu	breast
wuk	belly (exterior)
wo	grandfather, uncle
ha	bamboo
sun	join
va	father
wo	father-in-law
kʰot	scratch
paŋ	arm
ta	be far off
li	steal
cuj	burn
tsɐr	sister (younger than male ego)
ca	ant
kʰuk	knee
wo	great grandfather
rɐr	uncle (fathers older brother)
cuŋ	many, a lot of
rɐr	uncle (fathers older brother)
mi	person
tʰen	dry
raj	wait for someone
tsar	male's younger sister
tʰɐr	clean
ti	four
kʰaj	crab
ni	two
ru	grandchild
ʃok	emerge
huj	wither/fade
wo	grandfather
kʰaj	fish
ʃim	sweet
wo	great grandfather
ku	insect/bug/vermin
kʰa	cough
kʰa	bitter
wo	father-in-law
wo	uncle (mothers brother)
lej	tongue
riŋ	alive
nu	laugh
hɐr	fowl
wo	great grandfather
niŋ	spin
ʃok	scoop out
pʰa	snake (ph´$
tʰeŋ	dry
kuj	head
fu	elephant
rɐr	uncle (fathers older brother)
cuj	burn, ignite
co	spit
ʃat	thorn
wo	uncle (mothers brother)
ʃɐŋ	clan
veŋ	lightweight
kʰuk	knee
tɐŋ	pine
tsɐr	sister (younger than male ego)
ta	fall from height
luŋ	stone
mɐŋ	drink
nɐp	stick (v.)
wo	father-in-law
kʰot	scratch/scrape
la	daughter
kʰa	chin
wo	father-in-law
rik	armpit
tsej	spear
jor	sell
kʰa	chin
sa	do/make
cuj	burn
pʰen	belly
cuj	burn
rɐr	uncle (fathers older brother)
tsa	eat
rew	crab
pʰej	foot
saŋ	long
nu	breast
ku	insect/bug/vermin
kuu	insect
wuk	belly (exterior)
tʰi	die
rak	weave
na	hear
paŋ	hand
sɐm	hair (head)
wo	grandfather, uncle
kʰaj	knife
pɐm	sit
niŋ	stand
co	spit
rap	rib
kuj	pestle
ʃa	hundred
tʰeŋ	dry
jɐŋ	look
mi	give
wo	great grandfather
wuk	belly
wan	flower
co	saliva (-co 'spit' + -ru 'water')
kʰur	anus
ja	palm (of hand)
ʃu	dove
reŋ	hunt animals
ru	egg
kej	kidney
kʰej	crooked/bent
ko	nine
kum	year
paj	can/be easy
tsa	be sick
kuj	horse
pim	needle
naj	knead
ci	horn
ci	horn
kʰur	anus
tʰen	cause to dry
rit	heavy
naw	child
ʃa	thick
ra	come
kuj	cold
ŋun	corpse
tsa	eat (e.g. rice)
tsik	black
vuk	belly
cɐp	weep for someone
wo	grandfather, uncle
tʰuj	awaken
ri	son-in-law
kap	shoot one another
tʰɐk	kick
ka	climb, ascend, up; do in upward path (postp.)
kap	shoot one another
ha	tooth
hur	fan
naj	near
paŋ	hand
ci	horn
var	mushroom
kɐj	bite
kʰɐk	breath
ri	medicine
pʰar	lung
mɐŋ	dream
wo	grandfather, uncle
puj	full
kʰa	be bitter
nu	laugh
rɐr	uncle (fathers older brother)
ŋaj	want, desire (post-posed to main verb)
pew	be blind
won	flower
ri	intestines (ak´ri)
ru	grandchild
wo	uncle (mothers brother)
kap	shoot
tsiŋ	sky/rain
va	go
tsa	eat
ru	snake
jɐp	hit with a stick
ʃok	emerge, exit, occur, happen; do in exiting/emerging path (postp.)
ri	intestines
wo	grandfather, uncle
mej	brother (older than ego)
tʰuj	awaken, wake up, leave, sprout (plant)
wo	uncle (mothers brother)
tʰak	kick
tʰej	fruit
tʰi	die
ŋom	bear
cɐp	weep for someone
kʰur	anus
kʰut	smoke
sa	body
tɐk	grind, crush
rik	louse
wo	grandfather, uncle
tʰen	dry
sar	old
tsɐr	sister (younger than male ego)
wo	grandfather
fu	elephant
pʰɐn	blow
va	father
ruk	six
ʃaj	eat (fruit)
hut	leech
tsa	eat (e.g. rice)
mik	eye
tʰa	be like, resemble; cf. na ká thàà talè 'how are you?'
sa	hot/spicy/pungent
rɐr	uncle (fathers older brother)
nɐk	be fine
wo	grandfather
tʰak	kick
rok	larynx
lum	warm
ʃu	dove
pʰej	foot
ci	horn
maj	face
ʃok	come out
riŋ	be alive
kʰuj	bee
ŋa	five
caw	deer
ʃaj	eat fruit
tsa	eat (rice)
rik	burn (firewood)
kʰaj	crab
wo	father-in-law
cap	weep
tʰik	chest
tek	green
kʰam	door
hok	pig
pʰuŋ	mountain
ʃuj	decay
vak	leftside
ʃok	come out
tsɐr	sister (younger than male ego)
vak	rightside
hɐm	pot
rɐr	uncle (fathers older brother)
cɐp	weep, cry
juŋ	root
va	bird
vak	leftside
kɐj	bite
pʰaŋ	branch
kʰaj	fish
ruj	toast
ʔa	he/she
sɐm	hair (head)
ʃaj	eat
paj	fly, jump
ri	medicine
sa	body
nɐ	thou
ʃaj	eat (fruit)
lej	squirrel
tʰum	hide
ri	intestines (ak´ri)
hɐn	curry
tʰen	cause to dry
lej	earth
ho	call
si	water buffalo, mathun
cuj	burn, ignite
kor	bark
va	father
mej	tail
sa	animal, meat
tʰaw	drive
cap	weep
ca	necklace
vu	mother
ta	fall (from a height)
ta	fall (from a height)
rɐr	uncle (fathers older brother)
pʰej	foot
ʃuk	borrow
tsa	eat (rice)
ʃat	eight
wo	grandfather
rɐr	uncle (fathers older brother)
ri	intestines
ha	axe
kup	finish
ko	nine
kej	bite
tʰi	die for something
cuj	tall
pʰew	wash (hands)
kɐj	bite
ʃok	emerge, exit, occur, happen; do in exiting/emerging path (postp.)
kuu	insect
tʰi	die for something
vu	carry on shoulders
ci	horn
ci	fear/frighten
ra	ten
wo	uncle (mothers brother)
ci	fear (& frighten?), be afraid
wo	grandfather
rik	burn (firewood)
tsa	ill
ta	fall from height
tʰuj	wake up from sleeping
hut	leech
wo	great grandfather
ʃɐp	be skilled at, be adept at, well versed in; be enough?
lej	exist, have, be
mej	fire
co	saliva (-co 'spit' + -ru 'water')
ʃut	rub
mej	comparative degree
luj	water buffalo
ci	salt
wo	uncle (mothers brother)
suj	tempt
paj	defecate
ru	egg (hàr 'chicken' + -ru 'water')
riŋ	alive; + phaa 'be happy'
laj	forget
tʰin	liver
paŋ	arm
va	bird
tʰɐr	new
tok	brain
mor	mouth
kej	bite
ni	seven
to	brother (younger than male ego)
tsat	rice (cooked)
ruŋ	pound
ʃur	follow
ru	bone
tʰiŋ	tree/wood/stick
cuj	dig
pʰej	foot, leg
luŋ	stone
su	tie
na	ear