rɐr	uncle (fathers older brother)
vak	leftside
paj	fly, jump
ha	axe
rit	heavy
ʃa	hundred
cuj	burn, ignite
wo	grandfather
co	spit
na	nose
tʰuj	awaken, wake up, leave, sprout (plant)
wok	burst off (bottle)
cɐp	weep for someone
pʰə	snake
tsim	suck
tʰak	kick
haw	start
kʰa	be bitter
luj	water buffalo
sa	animal, meat
ci	fear (& frighten?), be afraid
ʃut	rub
kʰuk	knee
veŋ	lightweight
wo	great grandfather
rit	heavy
sa	hot/spicy/pungent
tsik	black
pʰe	slap
cap	weep, cry
ʃok	scoop out
ruk	six
hok	pig
ŋa	five
tek	break
mej	brother (older than ego)
ca	ant
tok	brain
tsa	eat (e.g. rice)
wo	grandfather
si	blood
mej	comparative degree
ru	bone
ci	fear/frighten
la	song
tsɐn	sharp
mit	scrape, rub
ru	egg
cuj	burn; burning fire
ri	son-in-law
lek	lick
pʰuŋ	mountain
kʰɐk	breath
ji	grandmother
ko	nine
ʃat	eight
cuŋ	many, a lot of
raj	war
riŋ	alive
kʰa	bitter
pa	brother, girl younger  ML
wo	grandfather
wuk	belly
ru	bone
tuŋ	descend, go down; do in downward path (postp.)
wo	grandfather, uncle
kej	kidney
ri	intestines
ta	fall (from a height)
kʰut	smoke
ta	be far off
si	wind
co	saliva (-co 'spit' + -ru 'water')
luj	fall
tʰen	cause to dry
rum	add together, together
pʰa	search
ri	intestines
lɐt	self
ra	sharpen
tʰak	fast, quick, come before time
rap	rib
rɐk	make a basket; to weave
maj	face
lej	exist, have, be
kʰej	crooked/bent
kʰa	chin
kʰaw	grasshopper
ʃim	mortar
wo	father-in-law
ʃo	open (door)
na	leaf
tsat	walk
maŋ	disappear; to be lost
rak	weave
ŋaj	want, desire (post-posed to main verb)
nɐ	thou
rɐk	make a basket; to weave
pʰew	wash (hands)
ji	grandmother
su	wash (clothes)
ta	fall from height
ri	intestines
jor	sell
lo	vomit
tʰɐt	kill
hɐn	curry
ha	hair (on body)
lum	warm
haj	vagina/vulva
ru	water
tʰum	hide
rɐr	uncle (fathers older brother)
sam	rice (hulled)
tuj	word/speech
tsɐr	sister (younger than male ego)
won	flower
wo	uncle (mothers brother)
tsa	eat (rice)
rɐr	uncle (fathers older brother)
ʃi	blood
sa	hot/spicy/pungent
tsa	eat (rice)
suj	tempt
tii	four
rɐr	uncle (fathers older brother)
co	saliva (-co 'spit' + -ru 'water')
haj	shout in singing
na	ear
ci	salt
nu	laugh
nɐm	smell
rip	scale (of fish)
ru	egg (hàr 'chicken' + -ru 'water')
mi	person
tʰak	kick
ri	intestines (ak´ri)
tʰej	know/see
paŋ	hand/arm
caŋ	wing
kʰow	dirty
ju	kiss
ruj	thread a needle to string flowers
ru	grandchild
ra	untie
kʰoŋ	neck
cik	wash hands
ni	seven
tʰu	exchange
kʰa	chin
kʰa	cough
huj	wither/fade
ʃuŋ	close
kej	bite
kaj	break
sa	body
kʰur	anus
tɐm	carry by mouth (dog)
ho	call
kʰaŋ	lift
pim	needle
rɐm	land
tʰuj	rise up, wake up
kɐj	bite
ci	horn
tsa	eat
luŋ	stone
cor	spit
tʰaj	be hungry
pʰuŋ	carry
ʃa	thick
jɐŋ	look
mej	fire
tɐt	cut (meat)
ca	necklace
nuk	shake (sth.)
hɐŋ	cook
ju	kiss
ʃu	dove
pʰit	hit (with stick), hammer (get tone)
cuj	burn
sam	hair (on head)
ma	wound
kap	shoot
vuk	belly
ci	horn
ʃuj	decay
ʃim	mortar
wo	great grandfather
naw	child
ri	intestines (ak´ri)
ʃi	blood
paj	can/be easy
tsiŋ	sky/rain
pet	soft
paj	fly, jump
luj	field
sɯ	wash (clothes)
rak	weave
tsat	rice (cooked)
tew	be small, low
wan	flower
tok	brain
tʰa	be like, resemble; cf. na ká thàà talè 'how are you?'
cɐp	weep, cry
nɐp	stick (v.)
wo	uncle (mothers brother)
pʰa	be good
kuj	horse
rɐr	uncle (fathers older brother)
laj	forget
sa	body
tʰɐr	clean
ju	kiss
sik	cold
tʰɐk	kick
va	father
sa	hot/spicy/pungent
tʰaw	drive
mik	eye
mɐŋ	drink
tʰi	die for something
naj	pus
tsa	eat
ʃup	pick up stones etc. from rice
vak	rightside
ra	ten
ruk	six
tsɐŋ	enter
pʰa	snake (ph´$
kan	cross
sa	do/make
rɐr	uncle (fathers older brother)
sa	animal, meat
caŋ	want, like
tʰaw	oil
juŋ	root
kɐk	cut (wood)
tsu	touch
caw	deer
ʃi	feel bad, be upset; be difficult (postp.)
tʰak	kick
ji	grandmother
wo	uncle (mothers brother)
luŋ	stone
ʃim	sweet
ru	water
lej	tongue
sa	hot/spicy/pungent
tʰaw	fat
ruk	six
ji	grandmother
saŋ	long
ci	horn
kʰok	be deaf
tʰej	fruit
paj	defecate
nuj	fry
ru	snake
luŋ	heart
ri	intestines (ak´ri)
ʃoŋ	road
hut	leech
kej	kidney
ha	bamboo
ʃi	wind
lo	buy
wor	swell
tsa	be sick
co	spit
pi	sleep/lie down
wo	great grandfather
huj	animal skin
ru	water
rɐr	uncle (fathers older brother)
mej	tail
nɯ	laugh
ju	kiss
joŋ	monkey
kap	shoot one another
riŋ	alive; + phaa 'be happy'
ja	agree/accept
miŋ	name
tʰuk	deep
wo	grandfather, uncle
lej	earth
hɐn	expect
tsa	be sick
tsej	spear
ru	grandchild
hɐm	pot
pʰej	foot
tek	green
ŋom	bear
kaw	dry (meat, vegetable, etc.)
cap	weep
la	bow, arrow
tsa	eat (e.g. rice)
kʰu	village
ʃim	house
vu	mother
muj	itchy
si	comb
kaw	scratch
ca	ant
kʰaw	grasshopper
tʰɐr	new
kʰaj	crab
tʰi	die
wo	father-in-law
mor	mouth
tʰak	kick
ku	twenty
reŋ	lizard
ka	climb, ascend, up; do in upward path (postp.)
wo	father-in-law
kʰaj	knife
ja	palm (of hand)
sa	animal, meat
paj	fly
ni	mother-in-law
tsa	be sick
ni	aunt (fathers sister)
sɐm	hair (head)
kum	year
ju	wet
kʰuj	bee
wo	grandfather, uncle
la	shadow
ʃok	come out
tʰɐk	kick
ru	water
ci	horn
tʰi	bile
ti	four
paj	fly
kuj	pestle
mak	brother-in-law
wo	crawl
caŋ	moon
tʰiŋ	tree/wood/stick
ʃok	emerge, exit, occur, happen; do in exiting/emerging path (postp.)