tʰûə	uncle, older paternal
t͡sʰɯ̀	To die (v.)
kɯ́	roast/dry (v.)
tó	weave
hẽ́́	expect (v.)
sî	body
kʰr̥û	throat
xúi	late
cuə	sambhur/sambar
lỳ	buffalo
psɯ̂	cloth
nõ̀	smell/sniff (v.)
nə́	seven
dí	arrive (v.)
kù	scratch
lâ	soil
t͡sỳ	egg
rɯ́ə	ribcage
t͡ɕʰỳ	hide (something)
ŋûə	fry (v.)
ʔy	dog
mà	comparative degree
ŋìe	freshwater eel
pɕí	slap (v.)
t͡ɕʰúə	sick, be
nù	shake something
t͡ɕʰûə	burning
zɯ̀	kiss (v.)
tõ̂	weave
mùə	sister-in-law
kù	twenty
xui	wither
kxɯ̂	grasshopper
pi	brother of male (younger)
sú	scoop out
ŋì	five
túə	small
nə́	seven
zù	nurse/suckle
ɹɯ́	snake
ǹ	blood
ɕí	hair of the head
mɯ̃̀ə	name
kxû	foot
bíe	defecate (v.)
kíe	break (v.)
t͡ɕɯ̂ə̃	mosquito
kûe	horse
tʰa	kick the foot (v.)
tʰú	deep
t͡sý	grandchild
sú	scoop out
kẽ́	cross
ɕúe	wind
mẽ́	price
tuə	older maternal aunt
pʰɬìe	navel
t͡sɯ́	comb
kûe	horse
mó	mouth
ǹ	water
ɕí	eight
nã̂	2sg
t͡sʰɯ̀	numb, be
sú	exit (v.)
tʰɯ́m	tree
lɯə̃	placenta/afterbirth
ná	stick
mɯ̀	cat
t͡ɕʰî	seed
t͡sɯ́	horn (of an animal)
tó	weave
pvɯ̀	pig, female
kʰõ	neck
kũ̀	year
kùe	crooked
tûə	uncle, father's younger brother
zỳ	sit (v.)
ʔâ	1sg
lỳ	fall (v.)
dà	elephant
zŷ	mouse
sã	road/path
kʰí	bitter
kfɯ̂	smoke
sù	tie (v.)
na	stick (v.)
cuə	be sick/ill
t͡ɕɯ̃́ə	moon
t͡sɯ́	comb
sɯ̃̀ə	long
nə̀	nose
kɯ̂ə	shoot
tʰú	deep
líe	easy/cheap
prí	fly (v.)
pə́	left hand
t͡sý	water
pzɯ	maternal grandmother
ɕì	axe
kxú	deaf
t͡sɯ́	salt
ŋie	want/desire
n	bird
ŋɯ̂ə	wait
lɯə̃	placenta/afterbirth
ɕxɯ̃̀ə	sharp
pû	crawl
mɯ̀	person
zúə	sister, younger  of male
sxã́	husband
tõ̂	weave
r̥ɯ̃̀ə	headlouse
t͡sɯ̃́ə	marrow
sê	thorn
lú	buy
sŷ	exchange
lyî	roll
t͡ɕʰû	lung
sɯ̃̀ə	bracelet
pî	father
ká	cut wood (v.)
kɕì	chin
sxɯ̃̀ə	husked rice
kʰɹ̥ɯ̀e	intestine
zi	eat (rice; v.)
ɬî	shadow
tõ̀	carry on head
lɯ	snail
txṍ	three
hê	leech
kuə	pestle
mɯ	3sg
pv	maternal grandfather
má	fire
ɹɯ́	snake
kɕì	chin
kə́	root
pû	swell
sý	wash (clothes) (v.)
zɯ̃̀ə	suck
tã́	house lizard
ka	kidney
psɯ́n	clothing
zɯ̃́ə	sky
ɹ̥ɯ̀ə	flea
dé	cut meat (v.)
dû	brain
xúi	skin
kfɯ	hand
bɯ̃̀ə	shoulder/arm
t͡sô	cry (v.)
ná	hurt
r̥ɯ̂	rope
kúə	mortar
tʰùə	drive (v.)
kù	twenty
nâ	two
pvɯ́	grandfather, paternal
ɕúe	wind
pû	swell
là	exist (v.)
tuə	younger maternal aunt
hé	ten
kʰí	bitter
xû	pig
xúi	skin
bɯ̂ə	bat
pɕí	seek/search
tʰûə	uncle, wife of older paternal
dí	arrive (v.)
tsɯ	antler (of deer)
ɕì	hot
pʰè	soft
sə́	do (v.)
kɬì	untie/loose (v.)
lũŋ	stone
kʰl̥â	squirrel
rù	bone
tʰá	kick (v.)
ɕí	thick
mûə	itch
tχâ	fruit
kú	nine
t͡sɯ́	horn (of an animal)
t͡sɯ̀	fear (v.)
pí	smal intestine
kvɯ̂	porcupine
kxû	foot
zã́	enter (v.)
hã́	look (v.)
kɕí	cough
nɯ	mother-in-law
t͡sý	saliva
sí	flesh
tʰɯ́	sour
trú	six
pɯ́ə	flower
kúe	copulate (v.)/have intercourse
tʰi	resemble/be like
rɯ̃́ə	finger
tî	bird
xû	pig
kúə	hair
sɯ́	bamboo
pvɯ́	grandfather, paternal
kí	ascend/climb
xû	pig
kxû	foot/leg
lũ̂	slingshot
kùe	crooked
rû	1pl
kxɯ̂	grasshopper
cɯ	deer (generic)
pvɯ̂	thumb
kʰə́	lift up
kxɯ́	grasshopper, giant
pv	father-in-law
tʰùə	new
t͡ɕʰê	hungry for rice, to be (v.)
bɯ̂ə	bat
mâ	tail
pɯə	mushroom species
xúe	ginger
t͡ɕʰûə	burning
sxã̀	penis
tʰɯ́ə	fast
t͡ɕʰɯ̂ə	like
r̥ɯ́	heavy
zɯ̀ə	cooked rice
tûə	aunt, wife of father's younger brother
kʰí	bitter
hê	leech
ká	kidney
lũ̀	heart
lù	vomit (v.)
pʰṍ	conceive
bzɯ̂	To sleep (v.)
rũ̀	add together
búʔ	burst (v.)
pɕí	seek/search
jàu	sheep
kúə	strong
mɯ́ə	rub (v.)
pvɯ́	grandfather, paternal
tʰé	kill (v.)
zé	walk (v.)
hê	leech
kxùi	bee
t͡sỳ	egg
ɕíe	vagina
prie	fly (v.)
kxr̥ì	toast (v.)
t͡sʰɯ̂	liver
bzɯ̂	To sleep (v.)
ká	bite
r̥ɯ́	not heavy
t͡sỳ	spit (v.)
sxɯ́	blink (v.)
sã́	right hand
t͡sý	saliva
ʔy	dog
kɯ̂ə	shoot
t͡ɕɯ	deer (generic)
làm	fathom
tõ̂	weave
nỳ	laugh
tɯ́ə	green
zɯ́	black
txṍ	three
kûə	head
txûə	To awake, be (v.)
mɯ̃̀ə	ripe
hẽ́	curry
pɯ̀ə̃	arm
xɯ̀	light (n.)
lê	star
r̥ɯ̀ə̃	alive, be (v.)
nâ	two
sxùŋ	day
lùŋ	termite
mã̀	drink (v.)
sú	exit (v.)
pû	belly
nɯ̀	child
sxã̂	swallow
kṍ	river
kfɯ	hand
t͡ɕʰɯ̃̀ə	wing
pɯ́ə	flower
ka	kidney
sɯ̂	blood
t͡sɯ̀	fear (v.)
kɕíe	crab
kɕìe	knife
ɬxɯ̂	scales (of fish)
hõ	yawn (v.)
zá	snail
kʰâ	breath
ɹɯ́	snake
tʰuo	stand up
nə̀	leaf
lùo	words/speech
nɯ̃̂ə	mind
kɕì	jaw, lower
ʔõ̂	pot
prie	fly (v.)
kfɯ̂	smoke
nî	ear
kxùə	dirty
t͡ɕʰŷ	wash (hands) (v.)
kúə	bone
sxú	open
pr̥ɯ̂	wash (legs) (v.)
psɯ́	hit (v.)
pa	side (left)
sɯ́	bamboo
txûə	To awake, be (v.)
zɯ̀	kiss (v.)
mi	wound
ʔy	dog
tχɯ̃́ə	dry
rã̂	land/country
tsɯ́	touch (v.)
luə	field
t͡sý	water
lɯ	snail
sú	exit (v.)
t͡ɕʰû	lung
rá	twist/squeeze (v.)
kfɯ̀	anus
ɕì	axe
psɯ́	wash (clothes) (v.)
pʰùŋ	moutain
kɕíe	frog
r̥ɯ̃̀ə	headlouse
nɯ	mother-in-law
kfɯ̀	anus
sə̀	bad character
ʑì	accept (v.)
pʰũ	carry (on shoulders)
kxùi	bee
lɯ́	eagle
lũ̀	heart
pʰṍ	pregnant, be
xû	call
t͡ɕúŋ	many
lũŋ	stone
kfɯ̂	village/state
zõ̀	monkey
sú	brush teeth (v.)
bṍ	uterus
ɕì	cattle
kʰl̥â	squirrel
t͡sɯ́	salt
kú	nine
pû	belly
prɯ̃̀ə	needle
lũ̀	warm
zû	breast
mə́	dream (n.)
tχa	see/know
ɲùe	pus
lỳ	buffalo
bó	buttocks
mý	cloud
tá	slow
sê	thorn
kxɯ́	grasshopper, giant
zî	eat (v.)
sɯ̃̀ə	sweet
pé	fart
zì	chase
pzɯ́	grandmother
zɯ̃̀ə	suck
sxũ̀	closed
dɯ̂ə	break (v.)
zɯ́	wet
pχá	thigh
kõ̀	back
sɯ̀	dove
kʰə	fall (v.)
psɯ́n	clothing
pʰr̻í	beautiful
ŋî	fish
li	tongue
ŋõ̀	bear
sɯ́	chili pepper
ljá	four
ɕí	one hundred
tʰá	kick (v.)
ɹɯ̂e	war
t͡ɕî	necklace
t͡ɕî	bad character
mɯ̂	eye
sɯ̃̀ə	sweet
t͡sô	cry (v.)
ɬí	far
le	1sg:refl
zû	breast
bṍ	uterus
dũ̂	descend (v.)
kʰr̥ɯ̀e	large intestine
mé	banana
ká	bite
mɯ̂ə	brother-in-law
cɯ	deer (generic)
t͡ɕʰî	seed
ʔùə	chicken
r̥ɯ̂	rope
kûe	horse
xɯ̀	rough
ɕì	cattle
líe	forget (v.)
sɯ̃̂ə	house
kxɯ̂	grasshopper
xúə	start (v.)
sxɯ̂ə	very cold
pá	right hand
tí	sharpen knife
lɯ́ə	lick (v.)
tûə	uncle, father's younger brother
ljá	four
ɕì	tooth
pzɯ́	give (v.)
r̥ɯ́	heavy
t͡sʰɯ̀	To die (v.)
lé	arrow
ŋõ̀	bear
zà	spear
ɕì	cattle
ɬxɯ̂	scales (of fish)
zỳ	sell
txɯ̂	fat
ɕŷ	tempt
bò	shrew
zɯ́	black
nỳ	laugh
tuə	younger maternal aunt's husband
dà	elephant
kʰɹ̥ɯ̀e	intestine
kṍ	river
sɯ̀	dove
hè	six
má	goat
pɯ̃̀ə	light (weight)
nɯ̃́ə	think (v.)
ʑì	palm
só	able
lɯ́	eagle
tʰɯ̃̀ə	clean
txúə	full, be
ŋì	five
dû	brain
χõ̂	cook (v.)
r̥í	daughter in law
bɯ̂ə	bat
t͡sý	grandchild
bã̂	basket, head
zi	eat (rice; v.)
mìe	face
χà	shout
sɯ́	mortar
ɕỳ	rot
ɕĩ̂	song
kxùi	bee
tχɯ̃́ə	dry
mà	brother, older  of female
zám	urine
mɯ̃́ə	lost
kɕì	chin
t͡ɕʰùə	dig
zõ̀	monkey
t͡sɯ̂	bile
r̥ɯ̀ə̃	alive, be (v.)
kɕí	phlegm